id,first_name,last_name,email,gender,height ,weight,age
1,Katti,Lathaye,klathaye0@hc360.com,Female,77.2,90,24
2,Ely,Boutflour,eboutflour1@cargocollective.com,Non-binary,57.3,166,34
3,Josefina,Hamer,jhamer2@sitemeter.com,Female,59.9,243,34
4,Uri,McGurn,umcgurn3@miitbeian.gov.cn,Male,59.0,107,43
5,Henry,O'Hartigan,hohartigan4@ihg.com,Male,70.3,157,24
6,Tamqrah,Poetz,tpoetz5@imgur.com,Bigender,59.8,185,38
7,Ethelbert,Dudny,edudny6@state.tx.us,Male,57.9,99,20
8,Aymer,Sjollema,asjollema7@zimbio.com,Male,65.3,97,46
9,Ruttger,Rizzetti,rrizzetti8@printfriendly.com,Male,65.9,129,41
10,Nicolis,MacDearmont,nmacdearmont9@live.com,Male,75.9,115,26
11,Burnaby,Caramuscia,bcaramusciaa@businessinsider.com,Male,59.1,97,46
12,Shelli,Siebert,ssiebertb@yahoo.co.jp,Female,60.8,196,37
13,Sile,Osman,sosmanc@zdnet.com,Female,58.5,245,37
14,Dredi,Tellesson,dtellessond@wired.com,Female,67.4,122,34
15,Charlotte,McDiarmid,cmcdiarmide@soundcloud.com,Female,78.6,108,43
16,Angelina,Capini,acapinif@netscape.com,Female,73.6,152,23
17,Zachery,Burriss,zburrissg@biblegateway.com,Male,65.2,190,35
18,Manny,Jones,mjonesh@posterous.com,Male,75.4,107,26
19,Mareah,Coupar,mcoupari@trellian.com,Female,71.3,154,27
20,Nevsa,Warlowe,nwarlowej@usda.gov,Female,74.0,196,33
21,Karee,Creus,kcreusk@wikispaces.com,Non-binary,77.7,169,26
22,Brandie,Blandford,bblandfordl@printfriendly.com,Bigender,65.9,228,23
23,Clyve,Theuss,ctheussm@google.co.uk,Male,56.3,198,32
24,Britt,Gummary,bgummaryn@spotify.com,Male,72.4,183,35
25,Gabe,Dives,gdiveso@yellowpages.com,Male,75.4,113,28
26,Margarette,Odger,modgerp@pen.io,Female,57.3,159,31
27,Loraine,Mayling,lmaylingq@webeden.co.uk,Female,66.0,175,29
28,Cullan,Whistance,cwhistancer@spiegel.de,Male,77.9,159,47
29,Averil,Beccera,abecceras@economist.com,Female,61.8,227,23
30,Lilas,Ziebart,lziebartt@usa.gov,Female,73.1,132,31
31,Lissi,Evangelinos,levangelinosu@twitter.com,Genderfluid,58.8,129,47
32,Daron,Leicester,dleicesterv@bluehost.com,Female,65.6,130,31
33,Bartholomew,Crisp,bcrispw@nhs.uk,Male,66.8,164,35
34,Blinny,Breede,bbreedex@trellian.com,Female,68.6,156,21
35,Pen,Luno,plunoy@imgur.com,Bigender,65.2,113,30
36,Udall,Paramor,uparamorz@sohu.com,Male,65.8,126,30
37,Derek,Dyball,ddyball10@naver.com,Genderfluid,64.8,192,22
38,Leola,Arkow,larkow11@amazon.de,Female,56.2,248,38
39,Cyrillus,McBrady,cmcbrady12@usnews.com,Male,66.6,169,42
40,Jim,Alman,jalman13@home.pl,Non-binary,71.8,210,36
41,Kelly,Bielfeldt,kbielfeldt14@goodreads.com,Female,70.7,157,27
42,Devondra,Djurisic,ddjurisic15@addthis.com,Female,67.5,237,42
43,Gideon,Love,glove16@washington.edu,Male,65.1,142,38
44,Nickey,Jaques,njaques17@addthis.com,Male,56.1,198,42
45,Faina,Gehring,fgehring18@msu.edu,Female,74.3,113,23
46,Emilee,Woodcroft,ewoodcroft19@360.cn,Agender,70.6,126,48
47,Corie,Larive,clarive1a@deviantart.com,Female,73.4,121,43
48,Bea,Sturzaker,bsturzaker1b@prnewswire.com,Female,79.6,230,23
49,Rafaela,Blazewski,rblazewski1c@flavors.me,Female,65.4,222,48
50,Luci,Lello,llello1d@squarespace.com,Female,71.5,178,39
51,Mayor,Titchener,mtitchener1e@illinois.edu,Male,59.6,186,32
52,Georges,Powdrill,gpowdrill1f@amazon.co.uk,Male,79.2,145,46
53,Eduard,Allerton,eallerton1g@oakley.com,Male,56.6,154,39
54,Winny,Snewin,wsnewin1h@usda.gov,Female,60.3,183,45
55,Allison,Sposito,asposito1i@purevolume.com,Female,73.4,243,34
56,Dulcie,Hynes,dhynes1j@tumblr.com,Female,71.1,197,26
57,Jennilee,Wilce,jwilce1k@123-reg.co.uk,Genderfluid,66.7,123,32
58,Vickie,Antrag,vantrag1l@ifeng.com,Female,59.0,140,46
59,Paolina,De Mattei,pdemattei1m@miitbeian.gov.cn,Female,77.9,112,45
60,Joanna,Sparshett,jsparshett1n@jalbum.net,Bigender,57.4,149,45
61,Hillyer,Pratton,hpratton1o@phoca.cz,Male,57.7,231,38
62,Marcel,Presho,mpresho1p@google.co.jp,Male,64.8,214,50
63,Vivyanne,Gleave,vgleave1q@webeden.co.uk,Female,67.2,142,21
64,Ella,Smitheram,esmitheram1r@wp.com,Female,58.2,109,43
65,Hilario,Regis,hregis1s@paypal.com,Male,73.5,134,25
66,Shaylah,Pendock,spendock1t@so-net.ne.jp,Bigender,67.3,104,33
67,Shawnee,Pudsey,spudsey1u@admin.ch,Female,75.0,215,39
68,Kiele,Gilardone,kgilardone1v@wufoo.com,Female,62.3,202,45
69,Guendolen,Yegorovnin,gyegorovnin1w@diigo.com,Female,67.7,104,26
70,Norbie,Busse,nbusse1x@hatena.ne.jp,Male,71.5,146,29
71,Jenn,Garrould,jgarrould1y@amazon.de,Female,62.7,99,25
72,Coletta,Mc Andrew,cmcandrew1z@networksolutions.com,Female,72.4,167,40
73,Natalie,Grishkov,ngrishkov20@ehow.com,Female,64.3,232,44
74,Abbot,Bearcroft,abearcroft21@mapquest.com,Male,79.1,197,24
75,Richmound,Feldberger,rfeldberger22@soundcloud.com,Male,57.6,201,41
76,Querida,McKnish,qmcknish23@vistaprint.com,Female,60.0,100,36
77,Brit,Salatino,bsalatino24@freewebs.com,Male,65.2,242,48
78,Emanuel,Kryszka,ekryszka25@delicious.com,Male,76.7,246,25
79,Rab,Davydochkin,rdavydochkin26@cyberchimps.com,Male,76.6,101,29
80,Nita,Devanny,ndevanny27@bbc.co.uk,Bigender,62.3,191,31
81,Osbourn,Finlater,ofinlater28@xinhuanet.com,Male,61.3,197,40
82,Moselle,Gebb,mgebb29@tripod.com,Female,64.0,171,45
83,Evelina,McCathie,emccathie2a@java.com,Female,57.5,191,25
84,Jessa,Maylour,jmaylour2b@fda.gov,Female,66.3,225,26
85,Vannie,Feely,vfeely2c@yellowbook.com,Genderqueer,76.0,113,41
86,Jerrome,Dupey,jdupey2d@prlog.org,Male,64.2,95,44
87,Kit,Coggins,kcoggins2e@de.vu,Female,74.9,206,41
88,Germain,Chesters,gchesters2f@studiopress.com,Bigender,79.7,125,22
89,Kinnie,Walkley,kwalkley2g@mit.edu,Male,62.5,92,24
90,Sisile,Colnett,scolnett2h@bing.com,Female,67.0,100,23
91,Klemens,Inder,kinder2i@eepurl.com,Male,62.2,192,23
92,Christel,Knibbs,cknibbs2j@samsung.com,Female,66.0,249,46
93,Morty,Basten,mbasten2k@house.gov,Male,74.6,173,35
94,Romeo,Donalson,rdonalson2l@google.com,Male,78.9,230,44
95,Glynnis,Leming,gleming2m@delicious.com,Female,57.1,163,31
96,Stephen,Duchesne,sduchesne2n@nyu.edu,Male,75.2,204,28
97,Drugi,Hanna,dhanna2o@chronoengine.com,Male,63.7,186,38
98,Elene,Howling,ehowling2p@indiegogo.com,Female,60.9,200,39
99,Katheryn,Skillicorn,kskillicorn2q@fda.gov,Female,68.8,226,25
100,Uri,McDonell,umcdonell2r@examiner.com,Male,73.3,241,26
101,Pete,Deverille,pdeverille2s@constantcontact.com,Male,73.2,170,39
102,Issi,Macrow,imacrow2t@opensource.org,Female,59.7,199,25
103,Fitzgerald,Addinall,faddinall2u@china.com.cn,Male,77.8,249,23
104,Hayley,Scirman,hscirman2v@seattletimes.com,Female,75.6,192,20
105,Demetre,Aulsford,daulsford2w@samsung.com,Male,65.3,249,20
106,Fleurette,Davidesco,fdavidesco2x@sina.com.cn,Female,72.1,170,36
107,Caty,Lownsbrough,clownsbrough2y@princeton.edu,Female,71.7,233,43
108,Tamar,Fowlston,tfowlston2z@kickstarter.com,Female,78.4,130,37
109,Julius,Fozard,jfozard30@ucoz.ru,Male,75.4,93,50
110,Delly,De Haven,ddehaven31@springer.com,Female,57.8,108,41
111,Melicent,Van de Vlies,mvandevlies32@furl.net,Female,67.8,104,40
112,Harvey,Doche,hdoche33@sohu.com,Male,70.7,164,22
113,Betta,Wakes,bwakes34@cnbc.com,Female,59.8,100,49
114,Colas,Issit,cissit35@ezinearticles.com,Male,57.6,113,48
115,Wilma,Casina,wcasina36@pcworld.com,Female,56.1,249,25
116,Roddie,Wainman,rwainman37@yahoo.co.jp,Male,73.3,202,31
117,Joshuah,Goalley,jgoalley38@bbb.org,Male,78.3,111,24
118,Emmy,Yacobsohn,eyacobsohn39@biblegateway.com,Female,79.4,114,45
119,Belicia,Gabriel,bgabriel3a@google.it,Female,69.3,161,31
120,Lilia,Feehery,lfeehery3b@odnoklassniki.ru,Female,72.1,248,44
121,Allie,Lanfranconi,alanfranconi3c@home.pl,Male,58.3,248,44
122,Dore,Jowsey,djowsey3d@taobao.com,Male,65.6,150,49
123,Barny,Campanelli,bcampanelli3e@goo.gl,Male,60.4,215,25
124,Remington,De Freitas,rdefreitas3f@cnbc.com,Genderqueer,63.1,192,29
125,Currie,Smythe,csmythe3g@facebook.com,Male,68.8,217,31
126,Hendrik,Bruhke,hbruhke3h@slideshare.net,Male,64.4,228,27
127,Raymund,Ackred,rackred3i@patch.com,Male,62.8,118,40
128,Charla,Gentreau,cgentreau3j@cdbaby.com,Female,69.2,92,38
129,Preston,McRae,pmcrae3k@flavors.me,Male,60.2,201,24
130,Roselia,Lukianovich,rlukianovich3l@nps.gov,Female,57.6,173,20
131,Meredith,Swash,mswash3m@netscape.com,Male,77.5,147,41
132,Rebeka,Mc Grath,rmcgrath3n@mozilla.com,Female,59.2,199,45
133,Claire,Noyes,cnoyes3o@bing.com,Non-binary,72.3,142,30
134,Clerc,Ratchford,cratchford3p@yellowpages.com,Male,72.6,187,22
135,Rahel,Castillo,rcastillo3q@va.gov,Female,78.4,154,28
136,Stavro,Pol,spol3r@tuttocitta.it,Male,74.5,159,24
137,Cordi,Ellinor,cellinor3s@nytimes.com,Female,57.1,100,27
138,Nissie,Haps,nhaps3t@answers.com,Female,63.3,110,30
139,Barney,Goncalo,bgoncalo3u@unesco.org,Male,77.7,214,42
140,Isador,Heis,iheis3v@hao123.com,Male,71.5,116,34
141,Maude,Stroban,mstroban3w@uiuc.edu,Polygender,65.9,214,27
142,Minna,Speeks,mspeeks3x@uiuc.edu,Female,78.5,180,24
143,Ber,Flay,bflay3y@amazonaws.com,Genderqueer,70.8,110,29
144,Maggie,Beebee,mbeebee3z@biglobe.ne.jp,Female,77.0,136,28
145,Dallas,Abotson,dabotson40@friendfeed.com,Male,76.4,168,39
146,Udall,Lenthall,ulenthall41@sohu.com,Male,59.7,210,41
147,Isabelita,Moreno,imoreno42@biblegateway.com,Female,75.2,127,42
148,Violetta,Jordin,vjordin43@sourceforge.net,Female,57.1,134,44
149,Nefen,Waskett,nwaskett44@fda.gov,Male,72.7,143,45
150,Tim,Yendle,tyendle45@e-recht24.de,Male,75.3,171,41
151,Ketti,Week,kweek46@webmd.com,Female,73.2,205,41
152,Izabel,Barbier,ibarbier47@stumbleupon.com,Female,77.3,233,32
153,Gertie,Crosland,gcrosland48@smh.com.au,Female,75.8,183,29
154,Kean,Gumley,kgumley49@naver.com,Genderqueer,67.9,101,26
155,Kingston,Howford,khowford4a@ftc.gov,Polygender,63.7,167,46
156,Ugo,Blackater,ublackater4b@aboutads.info,Male,79.2,99,34
157,Llywellyn,Allberry,lallberry4c@sphinn.com,Male,72.4,250,24
158,Alric,Picard,apicard4d@posterous.com,Male,58.2,179,31
159,Christian,Arthan,carthan4e@yale.edu,Female,75.0,198,39
160,Sanders,Gitting,sgitting4f@cloudflare.com,Male,67.9,171,28
161,Ad,Bouskill,abouskill4g@yale.edu,Male,56.9,182,31
162,Alvis,Christiensen,achristiensen4h@upenn.edu,Male,65.1,186,36
163,Ketty,Allaway,kallaway4i@wix.com,Female,63.2,142,26
164,Rickard,Treves,rtreves4j@hostgator.com,Male,74.3,166,36
165,Davie,Bourgour,dbourgour4k@homestead.com,Male,62.7,168,34
166,Benny,Folbig,bfolbig4l@cmu.edu,Male,75.9,229,40
167,Katti,de Glanville,kdeglanville4m@pagesperso-orange.fr,Female,63.6,168,28
168,Ericka,Flacke,eflacke4n@kickstarter.com,Female,64.1,116,21
169,Howie,Beynon,hbeynon4o@creativecommons.org,Male,61.1,231,48
170,Giffer,Dabnor,gdabnor4p@plala.or.jp,Male,72.2,149,34
171,Carleen,Cuppleditch,ccuppleditch4q@wikispaces.com,Genderfluid,77.2,113,27
172,Rab,Robens,rrobens4r@narod.ru,Male,77.1,186,32
173,Lorraine,Proschek,lproschek4s@cloudflare.com,Female,78.6,96,46
174,Sollie,Crossan,scrossan4t@soup.io,Male,69.8,160,28
175,Cale,Edmundson,cedmundson4u@craigslist.org,Male,75.7,221,37
176,Alister,Okenden,aokenden4v@imgur.com,Male,56.9,205,33
177,Pren,Gouldstraw,pgouldstraw4w@webnode.com,Male,61.8,206,36
178,Mariejeanne,Croxall,mcroxall4x@hexun.com,Female,60.1,190,33
179,Caro,Evershed,cevershed4y@vkontakte.ru,Female,56.6,230,26
180,Joceline,Berk,jberk4z@mlb.com,Female,74.2,137,37
181,Pearce,Clay,pclay50@yellowbook.com,Male,70.6,203,32
182,Leontyne,Beamand,lbeamand51@google.fr,Genderqueer,69.3,206,32
183,Florentia,Shapcott,fshapcott52@constantcontact.com,Female,77.1,141,24
184,Towny,Szymanowski,tszymanowski53@fda.gov,Male,63.1,165,37
185,Rhiamon,McGrayle,rmcgrayle54@about.com,Female,79.4,230,21
186,Bald,Ashfold,bashfold55@gnu.org,Male,76.7,229,26
187,Emelita,Ishchenko,eishchenko56@amazonaws.com,Female,61.1,130,27
188,Culver,Craft,ccraft57@msu.edu,Male,75.4,225,30
189,Ker,Burbage,kburbage58@pagesperso-orange.fr,Male,59.7,209,42
190,Sandi,Landeg,slandeg59@myspace.com,Female,63.8,112,38
191,Lacie,Kinnon,lkinnon5a@prlog.org,Agender,79.0,227,30
192,Legra,Pead,lpead5b@mediafire.com,Female,71.5,234,22
193,Modesta,Stears,mstears5c@paginegialle.it,Female,62.1,149,42
194,Ashley,Blaes,ablaes5d@t.co,Female,56.3,182,42
195,Edin,Huntingford,ehuntingford5e@sciencedaily.com,Female,79.2,222,36
196,Birdie,Wallenger,bwallenger5f@surveymonkey.com,Female,58.6,204,40
197,Desdemona,Kruschev,dkruschev5g@yandex.ru,Female,60.4,211,42
198,Cheston,Heindle,cheindle5h@addtoany.com,Male,72.8,147,21
199,Christean,Adlington,cadlington5i@examiner.com,Female,56.4,201,50
200,Doll,Parzizek,dparzizek5j@geocities.com,Female,77.1,149,21
201,Agnola,Salter,asalter5k@opera.com,Female,68.9,241,41
202,Isis,Pancost,ipancost5l@squarespace.com,Female,72.7,225,45
203,Base,Rolfs,brolfs5m@bing.com,Male,61.2,165,50
204,Hendrik,McIllrick,hmcillrick5n@livejournal.com,Male,76.8,90,31
205,Coop,Wyper,cwyper5o@flickr.com,Male,67.1,92,26
206,Tana,Huddart,thuddart5p@uol.com.br,Female,68.8,182,22
207,Ram,Casassa,rcasassa5q@trellian.com,Male,59.7,250,41
208,Shelley,Pleaden,spleaden5r@webs.com,Male,66.6,125,46
209,Minnie,Street,mstreet5s@1und1.de,Genderfluid,62.2,193,34
210,Maribeth,Hartman,mhartman5t@booking.com,Female,66.7,136,48
211,Ambrose,Campe,acampe5u@ft.com,Non-binary,70.2,197,35
212,Skippie,Vasyushkhin,svasyushkhin5v@mozilla.com,Male,61.9,133,48
213,Shandeigh,Drinkhall,sdrinkhall5w@delicious.com,Female,71.0,108,26
214,Maury,McWhannel,mmcwhannel5x@timesonline.co.uk,Polygender,76.3,146,42
215,Reggis,Farnin,rfarnin5y@twitpic.com,Male,56.1,164,35
216,Annemarie,Erdely,aerdely5z@fema.gov,Female,62.2,158,26
217,Shaw,Abys,sabys60@amazon.de,Male,69.6,211,43
218,Sebastien,Syphus,ssyphus61@opensource.org,Male,59.8,123,33
219,Melvyn,Szimon,mszimon62@wikia.com,Male,64.8,250,25
220,Ferdinande,Fardy,ffardy63@wisc.edu,Polygender,72.9,240,39
221,Daphna,Lutty,dlutty64@hp.com,Female,57.9,159,20
222,Brear,Purser,bpurser65@irs.gov,Female,59.1,213,23
223,Jamey,MacCheyne,jmaccheyne66@indiatimes.com,Male,63.4,245,50
224,Maddy,Sailor,msailor67@craigslist.org,Female,60.1,139,36
225,Wilie,Lias,wlias68@free.fr,Female,75.1,142,40
226,Kip,Pinnigar,kpinnigar69@imgur.com,Male,60.0,112,47
227,Ronda,Slad,rslad6a@hhs.gov,Female,66.8,128,44
228,Thurston,Mebius,tmebius6b@feedburner.com,Male,67.6,155,34
229,Duky,Rakestraw,drakestraw6c@bravesites.com,Male,62.2,192,30
230,Kally,Delahunty,kdelahunty6d@businessweek.com,Female,73.0,141,42
231,Fremont,Hasson,fhasson6e@hostgator.com,Male,67.8,141,39
232,Auria,Yateman,ayateman6f@ebay.com,Female,67.8,169,22
233,Matthieu,Steddall,msteddall6g@omniture.com,Male,73.9,214,33
234,Merna,Abbis,mabbis6h@go.com,Female,79.9,130,40
235,Peirce,Dufore,pdufore6i@loc.gov,Male,77.0,212,23
236,Michal,Thoumas,mthoumas6j@tripadvisor.com,Male,72.6,182,40
237,Rees,Berndtsson,rberndtsson6k@howstuffworks.com,Male,74.0,248,33
238,Alyosha,Meach,ameach6l@thetimes.co.uk,Genderqueer,60.7,168,50
239,Lyell,Gwalter,lgwalter6m@webnode.com,Male,74.1,115,32
240,Orlando,Stidworthy,ostidworthy6n@github.com,Male,66.5,102,22
241,Astrid,Gregory,agregory6o@time.com,Female,75.1,201,23
242,Jacquelin,Wignall,jwignall6p@ehow.com,Female,74.6,140,36
243,Harriett,Walesa,hwalesa6q@feedburner.com,Female,63.1,230,23
244,Andonis,Smithen,asmithen6r@loc.gov,Male,75.8,155,45
245,Eldon,Quixley,equixley6s@alibaba.com,Male,67.6,116,20
246,Gal,Robbel,grobbel6t@xrea.com,Male,79.2,126,45
247,Lelia,Squibb,lsquibb6u@slate.com,Female,63.3,208,48
248,Arie,Ravenscroft,aravenscroft6v@purevolume.com,Male,72.6,126,42
249,Tymothy,Alderman,talderman6w@acquirethisname.com,Male,63.8,164,39
250,Weber,Hallowes,whallowes6x@topsy.com,Male,76.5,140,21
251,Bernie,Staddart,bstaddart6y@technorati.com,Female,62.2,113,37
252,Vania,Hinrichsen,vhinrichsen6z@1688.com,Female,68.7,102,36
253,Jodee,Pechold,jpechold70@census.gov,Female,76.7,145,31
254,Dorthy,Duell,dduell71@domainmarket.com,Genderqueer,59.8,202,28
255,Valma,Scrivens,vscrivens72@ca.gov,Female,71.6,187,28
256,Cherey,Pietron,cpietron73@nifty.com,Female,67.8,165,31
257,Kirsteni,Summons,ksummons74@spiegel.de,Female,78.7,243,20
258,Dunc,Hanson,dhanson75@harvard.edu,Male,66.4,164,31
259,Aurthur,Bofield,abofield76@tuttocitta.it,Male,58.3,92,22
260,Cyrille,Vivash,cvivash77@state.gov,Male,63.6,176,31
261,Krishnah,Boxall,kboxall78@sciencedirect.com,Male,56.8,162,46
262,Byron,Beccles,bbeccles79@independent.co.uk,Male,59.9,100,21
263,Sly,Chrishop,schrishop7a@senate.gov,Male,58.8,165,42
264,Reinwald,Bryers,rbryers7b@patch.com,Male,79.2,130,41
265,Ellissa,Bea,ebea7c@scientificamerican.com,Female,61.5,118,20
266,Konstantin,Haston,khaston7d@cloudflare.com,Male,75.7,106,36
267,Flint,Dinzey,fdinzey7e@infoseek.co.jp,Male,74.9,228,49
268,Aldis,Mapston,amapston7f@prweb.com,Male,75.7,94,49
269,Pippy,Worlock,pworlock7g@miibeian.gov.cn,Female,69.6,198,39
270,Adriena,Hassall,ahassall7h@jalbum.net,Female,62.0,194,37
271,Gale,Sebyer,gsebyer7i@hibu.com,Female,57.3,181,29
272,Michell,Halfacre,mhalfacre7j@usatoday.com,Female,76.9,223,30
273,Buiron,Huertas,bhuertas7k@discuz.net,Male,58.2,239,31
274,Eugenius,Colum,ecolum7l@ibm.com,Male,72.1,238,28
275,Sergent,Pietruszka,spietruszka7m@opensource.org,Male,66.8,183,28
276,Gill,Walkden,gwalkden7n@addthis.com,Male,68.8,134,22
277,Felice,Wilde,fwilde7o@friendfeed.com,Male,78.4,228,46
278,Fritz,Malan,fmalan7p@exblog.jp,Male,78.3,124,20
279,Hulda,Kacheller,hkacheller7q@businessinsider.com,Female,74.3,97,25
280,Wilmar,Patshull,wpatshull7r@un.org,Male,64.0,185,48
281,Demetria,Swalwel,dswalwel7s@g.co,Female,74.6,143,33
282,Alano,Mulhill,amulhill7t@devhub.com,Bigender,70.4,195,44
283,Valle,Dedrick,vdedrick7u@mac.com,Male,73.0,235,33
284,Pyotr,Van Eeden,pvaneeden7v@tripadvisor.com,Male,59.1,113,45
285,Jemimah,Joselin,jjoselin7w@merriam-webster.com,Female,62.2,200,43
286,Lizette,Speake,lspeake7x@yellowpages.com,Female,76.3,136,29
287,Sydney,Hanrott,shanrott7y@gravatar.com,Male,76.6,232,36
288,Auria,Fust,afust7z@ox.ac.uk,Female,58.0,237,24
289,Garvy,Reen,green80@oracle.com,Male,59.5,105,25
290,Fianna,Meah,fmeah81@princeton.edu,Female,61.0,108,36
291,Ninnette,Kowal,nkowal82@noaa.gov,Female,67.3,146,28
292,Leanna,Sarfas,lsarfas83@cnbc.com,Female,65.5,231,44
293,Andriana,Crannach,acrannach84@gnu.org,Female,66.1,100,46
294,Clarine,Clacey,cclacey85@usnews.com,Female,69.4,155,35
295,Jonas,Ruddom,jruddom86@w3.org,Male,72.9,110,41
296,Eric,Duell,eduell87@bizjournals.com,Male,76.5,99,24
297,Oren,Blazy,oblazy88@europa.eu,Agender,60.0,245,23
298,Vick,Sign,vsign89@furl.net,Male,64.8,148,48
299,Minnnie,Orehead,morehead8a@irs.gov,Female,57.3,185,25
300,Carr,Polendine,cpolendine8b@mediafire.com,Male,78.8,145,29
301,Sukey,Causnett,scausnett8c@independent.co.uk,Female,77.6,118,25
302,Dennet,Barendtsen,dbarendtsen8d@hao123.com,Male,59.9,99,25
303,Sanderson,Toulch,stoulch8e@usatoday.com,Male,74.8,98,43
304,Edee,Penhaleurack,epenhaleurack8f@list-manage.com,Female,59.4,204,41
305,Gale,Stather,gstather8g@youtu.be,Agender,69.2,132,24
306,Faulkner,Dimitresco,fdimitresco8h@parallels.com,Male,67.0,101,37
307,Hermie,Euels,heuels8i@utexas.edu,Male,77.5,118,43
308,Sky,Sainsbury-Brown,ssainsburybrown8j@redcross.org,Male,71.8,114,23
309,Katheryn,Caple,kcaple8k@squarespace.com,Female,65.4,213,47
310,Carolus,Borg,cborg8l@sfgate.com,Male,69.9,210,30
311,Ermina,Keemar,ekeemar8m@merriam-webster.com,Female,71.1,100,28
312,Koralle,Joselovitch,kjoselovitch8n@freewebs.com,Female,77.3,94,43
313,Igor,Joul,ijoul8o@virginia.edu,Bigender,73.3,209,42
314,Peder,Djokovic,pdjokovic8p@businesswire.com,Male,72.0,165,49
315,Nada,Ghelarducci,nghelarducci8q@edublogs.org,Female,70.4,168,40
316,Perry,Grevile,pgrevile8r@yandex.ru,Male,76.7,185,36
317,Xerxes,Aizik,xaizik8s@github.io,Bigender,56.4,119,42
318,Alfie,Spikins,aspikins8t@cisco.com,Male,70.0,169,20
319,Rosemaria,Domoney,rdomoney8u@geocities.com,Female,74.4,108,25
320,Fremont,Panons,fpanons8v@google.ru,Male,76.9,244,39
321,Minta,Grattan,mgrattan8w@ezinearticles.com,Female,72.1,174,22
322,Brit,Thomazin,bthomazin8x@washingtonpost.com,Male,58.6,171,24
323,Sashenka,Ladloe,sladloe8y@blogspot.com,Female,68.3,136,37
324,Roy,Minot,rminot8z@fema.gov,Male,72.7,245,28
325,Travis,Fache,tfache90@nps.gov,Male,75.6,198,50
326,Gearard,Arnaudin,garnaudin91@dion.ne.jp,Male,74.3,184,46
327,Hailee,Gatheridge,hgatheridge92@etsy.com,Female,80.0,168,30
328,Rickert,Rump,rrump93@reuters.com,Male,76.8,187,48
329,Jessie,Florio,jflorio94@comsenz.com,Female,75.1,115,36
330,Garwood,Granger,ggranger95@unicef.org,Male,59.4,172,47
331,Leopold,Dockrill,ldockrill96@xinhuanet.com,Male,70.0,236,21
332,Justin,Vost,jvost97@naver.com,Non-binary,65.5,141,47
333,Mabelle,Crocumbe,mcrocumbe98@qq.com,Genderfluid,74.7,220,46
334,Norina,Krabbe,nkrabbe99@uol.com.br,Female,59.0,104,47
335,Lenna,Menendes,lmenendes9a@dmoz.org,Female,67.9,114,20
336,Talbert,Beckwith,tbeckwith9b@chron.com,Male,65.7,131,49
337,Tabbi,Hand,thand9c@devhub.com,Female,78.3,109,35
338,Egor,Jodlowski,ejodlowski9d@mozilla.com,Male,56.9,205,21
339,Gilburt,Bolley,gbolley9e@vistaprint.com,Male,72.5,132,32
340,Susanna,Worts,sworts9f@businessweek.com,Polygender,67.4,162,48
341,Pooh,Bern,pbern9g@topsy.com,Male,65.2,108,45
342,Orland,Parysowna,oparysowna9h@github.com,Male,62.9,199,31
343,Barton,Barwell,bbarwell9i@amazon.co.jp,Male,64.0,201,43
344,Brant,Tremblot,btremblot9j@prweb.com,Male,67.5,198,22
345,Evie,Gurge,egurge9k@jalbum.net,Female,71.5,204,32
346,Craggie,Rodda,crodda9l@deliciousdays.com,Male,56.7,204,32
347,Pia,Sebright,psebright9m@quantcast.com,Female,58.6,174,39
348,Bendix,Spadeck,bspadeck9n@fotki.com,Male,79.2,182,29
349,Mack,Pogosian,mpogosian9o@alexa.com,Male,58.9,102,50
350,Germain,Klawi,gklawi9p@foxnews.com,Male,64.2,135,26
351,Zenia,Gillease,zgillease9q@posterous.com,Female,67.0,162,20
352,Mariya,Grossman,mgrossman9r@msn.com,Female,79.8,118,26
353,Ettie,Shipman,eshipman9s@seesaa.net,Female,76.7,176,36
354,Robb,Hyland,rhyland9t@sphinn.com,Male,74.8,104,32
355,Genny,Keijser,gkeijser9u@weebly.com,Female,68.7,178,35
356,Cross,Pudden,cpudden9v@craigslist.org,Male,66.5,130,33
357,Stevy,Woodyatt,swoodyatt9w@va.gov,Male,68.5,249,20
358,Margy,Marzello,mmarzello9x@wikispaces.com,Female,60.2,171,28
359,Kerwinn,Askam,kaskam9y@ca.gov,Male,63.8,149,38
360,Larry,Bone,lbone9z@ihg.com,Male,63.2,244,43
361,Burgess,Petrulis,bpetrulisa0@google.com,Male,74.8,109,47
362,Emmalee,Otridge,eotridgea1@yale.edu,Female,75.3,129,37
363,Sinclair,Lardez,slardeza2@histats.com,Male,57.7,212,45
364,Tiphanie,Cotterell,tcotterella3@ovh.net,Female,61.7,228,21
365,Estele,Tolomelli,etolomellia4@pagesperso-orange.fr,Female,71.2,226,36
366,Godfry,Micallef,gmicallefa5@yellowpages.com,Male,70.8,109,27
367,Kimbell,Bristow,kbristowa6@dedecms.com,Male,56.0,120,41
368,Anthe,Collcutt,acollcutta7@wikispaces.com,Female,63.4,131,41
369,Stacie,Kubas,skubasa8@oakley.com,Female,73.3,178,42
370,Delphine,Coupe,dcoupea9@yahoo.co.jp,Polygender,61.1,221,32
371,Inez,Maddrell,imaddrellaa@dell.com,Female,56.2,201,29
372,Aubrey,Glenfield,aglenfieldab@constantcontact.com,Female,76.4,207,47
373,Steffane,Rubinivitz,srubinivitzac@dailymail.co.uk,Female,67.6,137,35
374,Mischa,Barrus,mbarrusad@wiley.com,Male,67.6,97,42
375,Yulma,Jandel,yjandelae@loc.gov,Male,73.8,234,20
376,Luis,Aimable,laimableaf@webeden.co.uk,Male,57.1,157,35
377,Ganny,Avrahamian,gavrahamianag@google.com,Male,61.1,156,34
378,Foster,Pretty,fprettyah@ifeng.com,Male,62.7,122,22
379,Tye,Caurah,tcaurahai@bloglines.com,Male,68.6,218,35
380,Maddi,Sawtell,msawtellaj@princeton.edu,Female,56.1,116,35
381,Alysia,Treat,atreatak@dyndns.org,Female,68.2,245,44
382,Cole,Tremolieres,ctremolieresal@123-reg.co.uk,Male,56.5,119,50
383,Marcelline,Derill,mderillam@state.gov,Female,75.2,194,49
384,Odetta,Frenzel;,ofrenzelan@ebay.com,Female,73.8,181,49
385,Ibbie,Rattenbury,irattenburyao@1688.com,Female,66.7,240,23
386,Jeanie,Heinonen,jheinonenap@goodreads.com,Female,72.8,214,35
387,Cissy,Axelby,caxelbyaq@posterous.com,Non-binary,72.8,155,42
388,Ermanno,McWhinnie,emcwhinniear@ask.com,Male,73.5,202,35
389,Beatrice,Cashell,bcashellas@unblog.fr,Female,59.8,222,26
390,Bogey,O'Farris,bofarrisat@stumbleupon.com,Agender,78.5,223,44
391,Freddie,Leveritt,fleverittau@cbsnews.com,Male,79.1,176,38
392,Lawrence,Varns,lvarnsav@google.de,Male,62.5,131,42
393,Dall,Yellowlea,dyellowleaaw@barnesandnoble.com,Male,61.4,163,39
394,Forster,Lates,flatesax@cbsnews.com,Male,71.8,142,45
395,Jacquenette,I'anson,jiansonay@cnet.com,Female,79.6,95,22
396,Charmaine,Seide,cseideaz@tmall.com,Female,56.5,124,32
397,Myer,Opfer,mopferb0@dropbox.com,Male,70.0,194,41
398,Kaia,Hovell,khovellb1@livejournal.com,Female,57.2,201,20
399,Gardy,Norvell,gnorvellb2@amazon.co.jp,Male,70.5,218,40
400,Harald,Coopper,hcoopperb3@google.it,Male,79.4,181,20
401,Jenn,Aird,jairdb4@accuweather.com,Female,68.5,187,30
402,Izzy,Monteith,imonteithb5@va.gov,Male,77.7,178,30
403,Oates,Manzell,omanzellb6@adobe.com,Male,78.1,176,46
404,Sim,Kenewell,skenewellb7@utexas.edu,Male,66.8,148,26
405,De,Lunge,dlungeb8@reuters.com,Female,58.0,213,36
406,Mollie,Talby,mtalbyb9@purevolume.com,Female,56.0,118,21
407,Reed,Bissiker,rbissikerba@ask.com,Male,62.4,144,43
408,Otto,Bruna,obrunabb@bing.com,Agender,63.6,192,20
409,Annetta,Brightling,abrightlingbc@4shared.com,Female,58.5,151,40
410,Gabriello,McDougall,gmcdougallbd@vistaprint.com,Male,72.6,176,50
411,Bobine,Thwaite,bthwaitebe@washingtonpost.com,Female,59.5,177,26
412,Edgardo,Vondrach,evondrachbf@wikispaces.com,Male,62.9,160,42
413,Helaine,Bushill,hbushillbg@gmpg.org,Female,62.6,159,37
414,Quintin,Maynard,qmaynardbh@usa.gov,Male,69.6,228,21
415,Johnathon,Albone,jalbonebi@cbc.ca,Male,73.3,184,33
416,Dalt,Salvadori,dsalvadoribj@apple.com,Male,66.6,196,34
417,Ellwood,Froom,efroombk@quantcast.com,Male,57.0,131,28
418,Marisa,Gronowe,mgronowebl@columbia.edu,Female,61.8,128,37
419,Lola,Prydden,lpryddenbm@house.gov,Female,58.3,130,31
420,Gladi,Kennicott,gkennicottbn@qq.com,Female,56.8,238,41
421,Wendie,Colebourn,wcolebournbo@businessweek.com,Female,57.4,176,36
422,Zuzana,Form,zformbp@vk.com,Non-binary,63.1,114,48
423,Shaylynn,Faltin,sfaltinbq@shareasale.com,Female,77.9,114,36
424,Quentin,Alty,qaltybr@uol.com.br,Female,63.8,159,34
425,Will,Bernhardi,wbernhardibs@ftc.gov,Male,60.8,137,49
426,Dorey,Van Niekerk,dvanniekerkbt@bloglines.com,Male,57.9,157,50
427,Nevsa,MacCahey,nmaccaheybu@epa.gov,Agender,72.3,219,24
428,Annmaria,Keneforde,akenefordebv@webeden.co.uk,Female,76.4,244,43
429,Teddy,Plante,tplantebw@yahoo.co.jp,Male,62.4,180,46
430,Andie,Colbron,acolbronbx@gizmodo.com,Female,56.6,105,21
431,Cheslie,Coffey,ccoffeyby@yellowbook.com,Female,65.2,195,37
432,Orelia,Goodhall,ogoodhallbz@springer.com,Female,68.1,133,21
433,Timmie,O'Hagerty,tohagertyc0@seattletimes.com,Genderqueer,61.5,99,33
434,Hersch,Adamolli,hadamollic1@mayoclinic.com,Male,70.4,189,37
435,Gerome,Coye,gcoyec2@techcrunch.com,Male,69.6,191,34
436,Ruthann,Skillanders,rskillandersc3@fc2.com,Female,65.9,113,20
437,Rollie,Espinazo,respinazoc4@opera.com,Male,69.7,203,25
438,Justin,Pestricke,jpestrickec5@ihg.com,Male,60.2,229,27
439,Hettie,Wicklen,hwicklenc6@weather.com,Female,63.1,111,34
440,Norean,Perchard,nperchardc7@soup.io,Female,62.9,134,43
441,Claude,Reimer,creimerc8@clickbank.net,Female,67.4,94,46
442,Leonie,Treuge,ltreugec9@sakura.ne.jp,Female,60.5,180,28
443,Stanley,Fradson,sfradsonca@pcworld.com,Genderqueer,59.3,239,40
444,Fernandina,Ebourne,febournecb@nps.gov,Female,76.2,93,26
445,Bendicty,Rawkesby,brawkesbycc@php.net,Male,64.6,135,27
446,Stearn,Ambresin,sambresincd@163.com,Male,59.0,207,48
447,Buddie,Edinborough,bedinboroughce@salon.com,Male,65.6,131,31
448,Falito,Laise,flaisecf@bravesites.com,Male,79.6,125,34
449,Noelyn,De Carolis,ndecaroliscg@moonfruit.com,Female,74.5,109,46
450,Petey,Lamkin,plamkinch@umich.edu,Male,67.7,146,44
451,Melanie,Slocombe,mslocombeci@dailymotion.com,Female,66.7,152,27
452,Yanaton,Sayward,ysaywardcj@zdnet.com,Male,57.1,183,24
453,Lesly,Bemand,lbemandck@printfriendly.com,Female,65.3,239,28
454,Chickie,Lighton,clightoncl@mail.ru,Female,56.1,95,22
455,Kellie,Teeney,kteeneycm@deliciousdays.com,Polygender,67.6,143,36
456,Maryl,Dangerfield,mdangerfieldcn@i2i.jp,Bigender,58.6,107,47
457,Antony,Toderbrugge,atoderbruggeco@parallels.com,Male,59.2,221,45
458,Mariele,Truckell,mtruckellcp@nsw.gov.au,Female,62.8,203,24
459,Deva,Dunbar,ddunbarcq@hatena.ne.jp,Female,64.6,184,37
460,Mikel,Baldini,mbaldinicr@sbwire.com,Male,66.1,165,27
461,Pierson,Castagneto,pcastagnetocs@com.com,Male,70.5,159,23
462,Harlin,Ivetts,hivettsct@foxnews.com,Male,71.8,144,46
463,Elizabeth,Dolman,edolmancu@naver.com,Female,57.5,108,26
464,Gayler,Fearnill,gfearnillcv@bbc.co.uk,Male,57.6,161,46
465,Tabor,Buckley,tbuckleycw@walmart.com,Male,69.0,127,32
466,Ross,Dike,rdikecx@imgur.com,Non-binary,67.9,165,43
467,Tabina,Livesay,tlivesaycy@zdnet.com,Female,59.3,226,38
468,Jacquelin,Leiden,jleidencz@ycombinator.com,Female,77.6,156,27
469,Vick,Cathenod,vcathenodd0@opensource.org,Male,71.6,181,49
470,Dal,Cleyne,dcleyned1@hhs.gov,Male,61.5,237,45
471,Lin,Garrettson,lgarrettsond2@columbia.edu,Female,72.3,150,25
472,Florence,Morrice,fmorriced3@examiner.com,Female,68.6,189,50
473,Garreth,Scandrick,gscandrickd4@google.co.uk,Male,64.2,124,44
474,Cash,Fleischer,cfleischerd5@msn.com,Male,77.4,148,36
475,Nada,Collumbell,ncollumbelld6@tripod.com,Female,79.9,147,24
476,Sigfried,Gelardi,sgelardid7@ted.com,Male,75.8,207,36
477,Lowell,Baraclough,lbaracloughd8@smugmug.com,Male,60.9,149,39
478,Raynell,Westrip,rwestripd9@google.it,Female,74.5,135,42
479,Humberto,Nern,hnernda@vimeo.com,Male,77.9,145,26
480,Hamnet,Sallnow,hsallnowdb@sina.com.cn,Male,76.5,181,21
481,Arlin,Loffill,aloffilldc@blogger.com,Male,56.4,200,42
482,Way,Tumility,wtumilitydd@reddit.com,Polygender,77.3,242,42
483,Stefa,Benbrick,sbenbrickde@cisco.com,Female,58.6,150,48
484,Shermy,Munday,smundaydf@mozilla.com,Male,77.8,179,21
485,Coletta,Assiratti,cassirattidg@list-manage.com,Genderqueer,79.5,239,39
486,Reinaldo,Prinn,rprinndh@stanford.edu,Male,77.9,115,49
487,Cassie,Collomosse,ccollomossedi@biblegateway.com,Female,68.6,249,45
488,Aurelia,Urien,auriendj@bloglines.com,Female,57.1,152,33
489,Thaddeus,Von Hindenburg,tvonhindenburgdk@skyrock.com,Male,59.2,172,48
490,Amandi,Begley,abegleydl@ow.ly,Female,69.5,92,40
491,Gaile,Hartfleet,ghartfleetdm@google.com.br,Male,66.6,110,38
492,Fletcher,Gino,fginodn@fda.gov,Male,75.4,134,20
493,Carlota,Belchamber,cbelchamberdo@umn.edu,Bigender,67.3,95,48
494,Jon,Demchen,jdemchendp@redcross.org,Male,66.2,108,47
495,Abba,Camfield,acamfielddq@i2i.jp,Male,61.6,219,24
496,Garvin,Ofener,gofenerdr@chronoengine.com,Male,70.0,105,36
497,Bunnie,O' Neligan,boneligands@japanpost.jp,Female,57.1,212,36
498,Annadiana,Studders,astuddersdt@godaddy.com,Female,70.9,226,21
499,Alicia,Paffot,apaffotdu@nba.com,Female,58.0,169,26
500,Catlee,Wynch,cwynchdv@istockphoto.com,Female,69.5,130,47
501,Thorndike,Searson,tsearsondw@wsj.com,Male,76.2,136,24
502,Tull,Brownjohn,tbrownjohndx@thetimes.co.uk,Male,57.7,118,44
503,Marjory,Foye,mfoyedy@cyberchimps.com,Female,79.0,172,38
504,Giraldo,Najara,gnajaradz@usnews.com,Male,77.9,240,34
505,Mickey,Hustings,mhustingse0@wordpress.com,Male,73.7,150,43
506,Guillaume,Volett,gvolette1@oakley.com,Male,73.0,156,23
507,Dalli,Lowrie,dlowriee2@illinois.edu,Genderfluid,57.4,211,38
508,Jeri,Latliff,jlatliffe3@myspace.com,Female,66.9,131,23
509,Rhona,Cave,rcavee4@tamu.edu,Female,77.9,201,32
510,Ronald,Gillian,rgilliane5@baidu.com,Male,78.4,187,30
511,Susan,Corry,scorrye6@cdbaby.com,Female,56.0,185,32
512,Joby,Tamas,jtamase7@mapquest.com,Female,75.7,156,21
513,Bobby,Emanuelli,bemanuellie8@nationalgeographic.com,Female,74.3,214,48
514,Rossie,Ranyard,rranyarde9@aol.com,Male,77.0,237,29
515,Tandy,Dibben,tdibbenea@1688.com,Non-binary,76.7,173,33
516,Page,Safont,psafonteb@surveymonkey.com,Male,75.3,181,44
517,Milka,Cogger,mcoggerec@yahoo.co.jp,Female,66.3,188,49
518,Edwin,Caws,ecawsed@over-blog.com,Male,58.9,242,27
519,Lynn,Matveichev,lmatveichevee@artisteer.com,Male,74.0,173,41
520,Rollie,Sparkwell,rsparkwellef@bigcartel.com,Male,59.8,140,31
521,Keefer,Jekel,kjekeleg@shop-pro.jp,Male,76.4,248,22
522,Kale,Loding,klodingeh@constantcontact.com,Male,70.0,103,39
523,Brenden,Srawley,bsrawleyei@yolasite.com,Male,66.5,91,23
524,Bastian,Antonik,bantonikej@tumblr.com,Male,70.4,135,42
525,Martin,Cobbled,mcobbledek@addthis.com,Male,70.8,200,33
526,Rab,Steddall,rsteddallel@so-net.ne.jp,Male,58.6,152,50
527,Dara,Joberne,djoberneem@storify.com,Female,60.1,194,40
528,Mady,Moseby,mmosebyen@soup.io,Female,77.0,248,27
529,Kathleen,Parvin,kparvineo@mapy.cz,Female,75.6,91,38
530,Melisenda,Grattan,mgrattanep@unc.edu,Female,76.4,137,41
531,Catina,Tivolier,ctivoliereq@army.mil,Female,78.5,202,46
532,Melessa,Arunowicz,marunowiczer@linkedin.com,Female,67.4,97,21
533,Ladonna,Scapens,lscapenses@istockphoto.com,Non-binary,56.0,93,41
534,Sayres,Chidlow,schidlowet@admin.ch,Male,74.2,240,45
535,Jolie,Beales,jbealeseu@huffingtonpost.com,Female,59.1,193,22
536,Bord,Rudkin,brudkinev@google.cn,Male,62.5,106,37
537,Randell,Haslock(e),rhaslockeew@zdnet.com,Male,72.8,172,22
538,Gail,Hartfield,ghartfieldex@gnu.org,Male,74.0,152,47
539,Pepillo,Lipyeat,plipyeatey@nifty.com,Male,70.8,194,50
540,Celina,Bendley,cbendleyez@ucoz.ru,Female,71.8,193,49
541,Catina,Ashwell,cashwellf0@eventbrite.com,Female,70.4,142,43
542,Ermanno,Moyce,emoycef1@microsoft.com,Male,67.6,113,44
543,Layne,Rodgers,lrodgersf2@amazon.co.uk,Agender,76.4,97,26
544,Giulietta,Beament,gbeamentf3@indiegogo.com,Bigender,72.6,192,28
545,Neille,Hinrich,nhinrichf4@omniture.com,Female,59.9,123,34
546,Lizzy,Lange,llangef5@stanford.edu,Bigender,74.9,119,24
547,Elke,Edie,eedief6@shop-pro.jp,Female,77.7,235,47
548,Marianne,Paladini,mpaladinif7@angelfire.com,Female,61.0,163,24
549,Hugh,Blackaller,hblackallerf8@engadget.com,Male,74.6,141,40
550,Willi,Benko,wbenkof9@baidu.com,Male,73.7,171,49
551,Emmott,Bateson,ebatesonfa@xrea.com,Male,64.7,214,34
552,Liv,Hackley,lhackleyfb@yale.edu,Female,77.0,209,47
553,Noella,Bauldry,nbauldryfc@tamu.edu,Female,61.8,172,43
554,Cynthy,Macbane,cmacbanefd@plala.or.jp,Female,68.4,210,34
555,Maryanna,Sedcole,msedcolefe@irs.gov,Female,60.0,143,39
556,Shurlock,Loxdale,sloxdaleff@who.int,Male,69.4,217,45
557,Keith,Schankel,kschankelfg@facebook.com,Male,69.5,207,44
558,Erika,Olenov,eolenovfh@elpais.com,Female,75.8,103,37
559,Jeniffer,Simonitto,jsimonittofi@economist.com,Female,69.4,115,38
560,Hagen,Thorwarth,hthorwarthfj@twitter.com,Male,56.4,193,47
561,Delaney,Dunwoody,ddunwoodyfk@over-blog.com,Male,62.8,209,33
562,Maxy,Croxon,mcroxonfl@yellowbook.com,Agender,66.0,111,28
563,Irwin,Erat,ieratfm@blogger.com,Male,63.2,145,28
564,Herta,Dowsett,hdowsettfn@miibeian.gov.cn,Genderqueer,66.0,209,20
565,Joanne,Adamiak,jadamiakfo@feedburner.com,Bigender,66.9,103,25
566,Augustine,McCarney,amccarneyfp@msu.edu,Male,67.7,153,48
567,Inessa,Rounsefull,irounsefullfq@sogou.com,Female,58.7,109,24
568,Janeczka,Clearley,jclearleyfr@cyberchimps.com,Female,64.6,113,35
569,Corrianne,Blunkett,cblunkettfs@ocn.ne.jp,Female,59.0,230,44
570,Bethany,Beddingham,bbeddinghamft@thetimes.co.uk,Female,61.3,212,49
571,Nevin,Mattheis,nmattheisfu@theglobeandmail.com,Male,73.0,248,49
572,Hazel,Kubecka,hkubeckafv@auda.org.au,Female,67.9,133,38
573,Sindee,Dutson,sdutsonfw@mail.ru,Female,60.5,186,32
574,Hewe,Kerans,hkeransfx@upenn.edu,Male,57.2,106,46
575,Basia,Shoosmith,bshoosmithfy@wunderground.com,Female,61.8,156,43
576,Rona,Awcoate,rawcoatefz@barnesandnoble.com,Bigender,68.2,114,46
577,Creight,Harrington,charringtong0@youku.com,Male,62.2,122,35
578,Ignaz,Larciere,ilarciereg1@mtv.com,Male,67.3,106,41
579,Nikki,Dudgeon,ndudgeong2@ted.com,Female,74.7,164,47
580,Jammie,Vaar,jvaarg3@tinyurl.com,Female,78.5,116,27
581,Kettie,Bednell,kbednellg4@vimeo.com,Female,57.4,156,45
582,Ali,Croux,acrouxg5@google.de,Female,56.6,219,42
583,Torey,Hindmoor,thindmoorg6@feedburner.com,Female,56.6,107,33
584,Bunny,Mease,bmeaseg7@yelp.com,Female,63.3,151,46
585,Phillie,Panyer,ppanyerg8@qq.com,Female,57.2,140,26
586,Leone,Kinnane,lkinnaneg9@mit.edu,Female,67.5,97,47
587,Colly,Thomson,cthomsonga@java.com,Polygender,72.9,217,49
588,Lilllie,Lates,llatesgb@apple.com,Female,67.7,144,41
589,Cos,Horsell,chorsellgc@rambler.ru,Male,70.8,118,42
590,Michail,Mussilli,mmussilligd@theglobeandmail.com,Male,59.6,96,45
591,Joseito,Bau,jbauge@lulu.com,Male,57.0,168,26
592,Normand,Ransome,nransomegf@tamu.edu,Male,65.8,98,45
593,Tedman,Clemitt,tclemittgg@desdev.cn,Male,66.0,249,34
594,Kayne,Dewire,kdewiregh@webmd.com,Male,70.4,149,40
595,Kirby,Tucknott,ktucknottgi@netlog.com,Female,68.8,187,27
596,Erskine,Camm,ecammgj@state.gov,Genderqueer,64.1,145,49
597,Shayne,Burnapp,sburnappgk@gizmodo.com,Polygender,72.1,179,46
598,Judye,Paoloni,jpaolonigl@mozilla.org,Female,68.7,141,24
599,Demetrius,Cawthron,dcawthrongm@elpais.com,Male,59.7,106,44
600,Shay,Gurden,sgurdengn@symantec.com,Male,62.8,226,39
601,Lula,Coarser,lcoarsergo@chronoengine.com,Female,61.0,108,31
602,Reagan,Geake,rgeakegp@yelp.com,Non-binary,60.3,102,44
603,Hersch,Dignum,hdignumgq@yandex.ru,Male,77.7,246,22
604,Hertha,Pickin,hpickingr@narod.ru,Female,74.9,144,42
605,Kaela,Claughton,kclaughtongs@networksolutions.com,Female,77.5,208,23
606,Christian,Teasell,cteasellgt@marriott.com,Male,77.0,214,42
607,Prince,Bernardez,pbernardezgu@reference.com,Male,65.0,97,48
608,Si,Kibel,skibelgv@so-net.ne.jp,Male,65.9,165,44
609,Manfred,Van Der Hoog,mvanderhooggw@cbc.ca,Male,65.9,166,41
610,Daron,Duffie,dduffiegx@bluehost.com,Male,58.9,116,26
611,Mara,Noquet,mnoquetgy@unicef.org,Female,78.3,112,35
612,Earvin,Somerbell,esomerbellgz@storify.com,Male,69.6,128,30
613,Georgi,Wilce,gwilceh0@bandcamp.com,Non-binary,79.2,139,39
614,Meryl,Emerson,memersonh1@marketwatch.com,Male,56.9,99,32
615,Kassey,Giacobo,kgiacoboh2@soup.io,Female,75.0,213,26
616,Sigvard,Sibbe,ssibbeh3@ibm.com,Male,74.5,115,31
617,Randal,Westmore,rwestmoreh4@nih.gov,Male,70.3,220,34
618,Dame,Peidro,dpeidroh5@infoseek.co.jp,Male,66.0,135,37
619,Abbott,Buer,abuerh6@chronoengine.com,Male,78.8,190,37
620,Clint,Perillo,cperilloh7@elegantthemes.com,Male,76.8,172,34
621,Sarine,Ansty,sanstyh8@1und1.de,Polygender,71.3,232,36
622,De witt,Sheran,dsheranh9@ca.gov,Genderfluid,68.3,109,27
623,Pete,Jermey,pjermeyha@drupal.org,Male,60.5,242,41
624,Ker,Baszkiewicz,kbaszkiewiczhb@tumblr.com,Male,72.6,166,38
625,Maris,Margett,mmargetthc@examiner.com,Female,66.2,188,36
626,Roxine,Hawkyens,rhawkyenshd@linkedin.com,Female,59.8,185,31
627,Kameko,Terrans,kterranshe@liveinternet.ru,Female,69.7,148,28
628,Rochella,Boughen,rboughenhf@bbc.co.uk,Female,69.9,177,50
629,Drucie,Stoute,dstoutehg@wikia.com,Female,59.3,177,34
630,Tracey,Jurkiewicz,tjurkiewiczhh@tripadvisor.com,Male,59.4,180,29
631,Reider,MacKegg,rmackegghi@github.io,Male,66.4,231,26
632,Laina,Lillicrop,llillicrophj@sbwire.com,Female,69.0,189,47
633,Thebault,Clawe,tclawehk@amazon.co.jp,Genderqueer,56.8,122,49
634,Rosamund,Pettendrich,rpettendrichhl@yale.edu,Polygender,58.4,168,27
635,Fanni,Coggings,fcoggingshm@twitpic.com,Female,56.6,136,24
636,Shelley,Spargo,sspargohn@nytimes.com,Male,69.8,186,37
637,Moira,Danelut,mdanelutho@nps.gov,Female,63.7,126,21
638,Kalil,Goodban,kgoodbanhp@answers.com,Male,56.9,223,40
639,Carline,Ribou,cribouhq@oakley.com,Female,56.1,198,20
640,Cordie,McGloin,cmcgloinhr@behance.net,Female,71.2,167,44
641,Jourdain,Faudrie,jfaudriehs@sakura.ne.jp,Male,72.7,168,38
642,Zaccaria,Hegley,zhegleyht@wufoo.com,Male,56.8,199,25
643,Perry,Sales,psaleshu@is.gd,Female,70.6,165,43
644,Tim,Beneteau,tbeneteauhv@gnu.org,Female,68.9,115,40
645,Leelah,Tukesby,ltukesbyhw@dot.gov,Female,69.4,221,44
646,Carter,Pote,cpotehx@hibu.com,Male,68.3,197,47
647,Erna,Thame,ethamehy@nhs.uk,Non-binary,67.5,186,22
648,Deck,Witherbed,dwitherbedhz@uiuc.edu,Male,66.5,197,50
649,Adriano,Drewry,adrewryi0@joomla.org,Polygender,68.7,225,34
650,Corrine,Ramble,cramblei1@cafepress.com,Female,62.9,243,20
651,Tuckie,Sapshed,tsapshedi2@feedburner.com,Male,67.9,187,34
652,Alanna,Bernholt,abernholti3@php.net,Female,76.6,209,35
653,Goran,Elener,geleneri4@so-net.ne.jp,Male,58.0,128,24
654,Myra,Preece,mpreecei5@ted.com,Female,76.4,209,33
655,Boniface,Tunnicliff,btunnicliffi6@altervista.org,Male,58.3,226,49
656,Ashely,Physic,aphysici7@umich.edu,Female,76.9,219,45
657,Rees,Falconar,rfalconari8@examiner.com,Male,56.4,180,30
658,Veda,Bartak,vbartaki9@discovery.com,Female,60.1,107,35
659,Melodie,Capewell,mcapewellia@list-manage.com,Female,77.5,202,30
660,Pepi,Oxbury,poxburyib@admin.ch,Female,73.3,215,39
661,Shelton,Pozer,spozeric@europa.eu,Male,63.6,94,34
662,Robers,Slaughter,rslaughterid@mozilla.com,Male,74.9,98,27
663,Meghan,Champneys,mchampneysie@163.com,Female,75.5,133,27
664,Susann,Liddard,sliddardif@blogger.com,Female,68.5,132,41
665,Cindelyn,Ghidotti,cghidottiig@bandcamp.com,Female,78.9,160,35
666,Bellanca,Trask,btraskih@cocolog-nifty.com,Female,72.3,131,37
667,Cull,Garwill,cgarwillii@tripod.com,Polygender,79.9,237,41
668,Minetta,Shawl,mshawlij@zimbio.com,Female,72.2,217,47
669,Alma,Beachamp,abeachampik@cnbc.com,Female,67.6,198,34
670,Sher,Pudge,spudgeil@nhs.uk,Female,68.5,180,37
671,Pollyanna,Lassells,plassellsim@amazon.de,Female,73.4,190,41
672,Jerrome,Allnutt,jallnuttin@bluehost.com,Male,78.7,132,41
673,Rona,Leeburn,rleeburnio@blogtalkradio.com,Female,69.2,118,44
674,Brett,Sumpner,bsumpnerip@cbsnews.com,Male,67.6,208,44
675,Jeffy,Rableau,jrableauiq@tripadvisor.com,Male,79.8,207,37
676,Luca,Petrak,lpetrakir@theglobeandmail.com,Male,60.3,234,28
677,Lewes,Hazart,lhazartis@cloudflare.com,Male,63.3,103,25
678,Allyson,Readwood,areadwoodit@cnbc.com,Female,79.8,194,29
679,Lilyan,Boagey,lboageyiu@phpbb.com,Female,66.5,233,27
680,Jase,Walewski,jwalewskiiv@angelfire.com,Male,65.6,216,24
681,Delly,Decker,ddeckeriw@mozilla.org,Non-binary,65.8,168,48
682,Juan,Yerbury,jyerburyix@youtu.be,Male,79.9,198,33
683,Mallory,Sackett,msackettiy@nationalgeographic.com,Agender,62.4,120,22
684,Candis,Perett,cperettiz@go.com,Agender,60.7,127,31
685,Adam,Welds,aweldsj0@hibu.com,Agender,61.2,214,30
686,Ethe,Coddington,ecoddingtonj1@fotki.com,Male,68.7,95,48
687,Francklyn,Bartles,fbartlesj2@delicious.com,Male,59.6,144,48
688,Skip,Slowcock,sslowcockj3@flavors.me,Male,56.2,158,50
689,Diann,Tulloch,dtullochj4@smh.com.au,Female,71.0,236,36
690,Farr,Fidelli,ffidellij5@newsvine.com,Male,78.6,141,34
691,Dexter,Oddey,doddeyj6@toplist.cz,Male,78.3,222,39
692,Alexandra,Mehaffey,amehaffeyj7@nps.gov,Female,71.5,247,50
693,Latisha,Tiler,ltilerj8@prlog.org,Female,71.1,178,21
694,Jewell,Eustice,jeusticej9@usa.gov,Female,68.5,179,28
695,Eugine,Hazeldene,ehazeldeneja@yahoo.com,Genderfluid,69.5,92,46
696,Bryana,Plank,bplankjb@blog.com,Female,70.5,176,29
697,Barnebas,Sleeny,bsleenyjc@blog.com,Male,60.3,230,20
698,Jasen,Baudou,jbaudoujd@weather.com,Male,63.0,205,31
699,Evvie,Balsdon,ebalsdonje@google.co.uk,Agender,63.3,167,30
700,Marchelle,Zumbusch,mzumbuschjf@springer.com,Female,57.8,134,45
701,Krystyna,Over,koverjg@usatoday.com,Female,79.9,175,20
702,Clement,Hartell,chartelljh@so-net.ne.jp,Male,59.4,136,45
703,Fayina,Cleatherow,fcleatherowji@google.com,Female,65.7,180,21
704,Riccardo,Joreau,rjoreaujj@usgs.gov,Male,58.6,102,47
705,Prinz,Henriksson,phenrikssonjk@jalbum.net,Male,72.0,219,42
706,Jarrod,Inman,jinmanjl@cpanel.net,Male,64.0,193,26
707,Wilfred,Hardway,whardwayjm@about.me,Male,68.3,140,49
708,Danya,Longstreet,dlongstreetjn@github.com,Female,56.5,172,43
709,Shirl,Pedwell,spedwelljo@skype.com,Female,65.8,193,38
710,Ezmeralda,Bernholt,ebernholtjp@vk.com,Female,79.3,91,23
711,Tallie,Crain,tcrainjq@vinaora.com,Female,76.0,146,28
712,Reyna,Tuxwell,rtuxwelljr@icq.com,Female,62.0,234,39
713,Alyosha,Laroux,alarouxjs@goo.ne.jp,Male,60.7,250,49
714,Casandra,Kempshall,ckempshalljt@smh.com.au,Female,62.4,139,32
715,Silvie,Walmsley,swalmsleyju@tmall.com,Female,56.1,132,36
716,Beth,Deesly,bdeeslyjv@admin.ch,Female,78.4,147,36
717,Efren,Caudrey,ecaudreyjw@dailymotion.com,Male,65.2,145,32
718,Abelard,Oguz,aoguzjx@cmu.edu,Male,58.4,162,30
719,Nels,Brosi,nbrosijy@cbsnews.com,Male,61.5,230,41
720,Allina,Woolmer,awoolmerjz@netscape.com,Female,62.0,181,27
721,Peria,Amps,pampsk0@friendfeed.com,Non-binary,68.5,122,28
722,Carmel,Bentley,cbentleyk1@mlb.com,Female,68.0,137,29
723,Emogene,Tirone,etironek2@a8.net,Female,78.7,179,38
724,Daphna,Furze,dfurzek3@liveinternet.ru,Female,57.5,194,48
725,Yvette,MacDaid,ymacdaidk4@craigslist.org,Female,77.8,150,32
726,Jilli,Duffitt,jduffittk5@histats.com,Female,75.9,203,42
727,Dagny,Cordoba,dcordobak6@free.fr,Male,76.9,93,39
728,Sherilyn,Thick,sthickk7@fema.gov,Female,73.3,139,25
729,Wilburt,Nisard,wnisardk8@wordpress.org,Male,64.7,247,44
730,Randolph,Challin,rchallink9@cmu.edu,Male,65.3,244,45
731,Bastien,Nelson,bnelsonka@thetimes.co.uk,Male,57.8,138,47
732,Ruy,Try,rtrykb@friendfeed.com,Male,56.2,246,21
733,Gwenette,Dehn,gdehnkc@github.com,Female,65.9,217,43
734,Basilio,Pickrell,bpickrellkd@imageshack.us,Male,56.6,246,33
735,Timmy,Avarne,tavarneke@reference.com,Male,75.9,138,34
736,Winifield,Growcock,wgrowcockkf@yahoo.co.jp,Male,65.1,218,33
737,Ailbert,Emlyn,aemlynkg@seattletimes.com,Non-binary,71.9,215,48
738,Jacqueline,De Benedictis,jdebenedictiskh@godaddy.com,Female,74.4,248,28
739,Beryl,Tytherton,btythertonki@wikimedia.org,Non-binary,62.4,98,22
740,Sanson,MacCall,smaccallkj@soup.io,Male,56.1,101,37
741,Winthrop,McVitty,wmcvittykk@webmd.com,Male,67.8,116,35
742,Brittaney,Sorbey,bsorbeykl@si.edu,Female,60.8,135,24
743,Wolfgang,Mankor,wmankorkm@nymag.com,Male,65.2,182,44
744,Jakie,Sabbatier,jsabbatierkn@huffingtonpost.com,Male,74.2,159,20
745,Rhetta,Filipson,rfilipsonko@imdb.com,Female,64.5,239,25
746,Durant,Hopewell,dhopewellkp@reference.com,Male,77.2,148,47
747,Theodore,Summons,tsummonskq@biglobe.ne.jp,Genderqueer,71.7,216,35
748,Wallie,Lysons,wlysonskr@about.me,Male,79.0,194,36
749,Scotti,Trower,strowerks@myspace.com,Male,76.2,246,31
750,Aron,Lorroway,alorrowaykt@oaic.gov.au,Male,56.1,133,47
751,Forster,Crollman,fcrollmanku@arstechnica.com,Male,69.1,100,41
752,Marylinda,Lanphier,mlanphierkv@europa.eu,Female,72.7,130,24
753,Jarib,Euesden,jeuesdenkw@privacy.gov.au,Male,56.9,106,44
754,Charley,Grattan,cgrattankx@chron.com,Male,74.7,146,33
755,Melanie,Brunnstein,mbrunnsteinky@usatoday.com,Female,71.9,182,37
756,Napoleon,Slimming,nslimmingkz@alibaba.com,Bigender,59.7,93,21
757,Emelia,Agdahl,eagdahll0@bing.com,Agender,77.4,122,27
758,Laurette,Maleck,lmaleckl1@unblog.fr,Genderfluid,70.5,239,40
759,Helge,Paradise,hparadisel2@exblog.jp,Female,69.4,111,23
760,Sybilla,Salkeld,ssalkeldl3@sciencedaily.com,Female,76.0,212,24
761,Dyna,Runacres,drunacresl4@disqus.com,Female,63.2,90,30
762,Heall,Elwin,helwinl5@chron.com,Male,64.2,134,39
763,Renado,Dunnico,rdunnicol6@vistaprint.com,Male,58.9,90,41
764,Kermie,Cordingley,kcordingleyl7@elegantthemes.com,Male,75.7,116,48
765,Adrien,Trazzi,atrazzil8@networksolutions.com,Male,76.4,114,48
766,Nanice,Pilkinton,npilkintonl9@uiuc.edu,Female,57.5,162,45
767,Gwyn,Peirce,gpeircela@uol.com.br,Genderqueer,68.6,95,23
768,Vance,Flaherty,vflahertylb@tripadvisor.com,Male,71.7,174,41
769,Sal,Emeline,semelinelc@berkeley.edu,Male,69.4,179,25
770,Lizzy,Throssell,lthrossellld@uiuc.edu,Female,79.5,106,23
771,Janith,Holwell,jholwellle@joomla.org,Female,78.6,91,33
772,Godard,Henstone,ghenstonelf@dot.gov,Male,61.6,160,20
773,Stearne,Garvie,sgarvielg@skyrock.com,Non-binary,60.2,96,28
774,Vonnie,Fakes,vfakeslh@netvibes.com,Female,58.0,237,48
775,Vassili,Mundie,vmundieli@soundcloud.com,Male,77.6,193,45
776,Stephanie,Rubes,srubeslj@naver.com,Female,71.4,227,36
777,Janice,Quesne,jquesnelk@amazon.com,Female,60.8,119,22
778,Albert,Rowlands,arowlandsll@bing.com,Male,58.2,121,42
779,Bessie,Fassbender,bfassbenderlm@opera.com,Female,69.5,94,33
780,Eberto,Arckoll,earckollln@com.com,Male,72.9,115,30
781,Roosevelt,Jailler,rjaillerlo@indiatimes.com,Genderfluid,75.7,209,44
782,Shane,Rushmare,srushmarelp@businessinsider.com,Female,78.3,97,46
783,Linda,Bravey,lbraveylq@alibaba.com,Female,67.5,103,25
784,Matthew,Voase,mvoaselr@github.io,Male,57.9,222,32
785,Leonard,Stockoe,lstockoels@slideshare.net,Male,79.9,129,37
786,Paxon,Wheeler,pwheelerlt@live.com,Male,71.1,224,38
787,Kaleb,Tett,ktettlu@amazon.de,Male,70.6,234,41
788,Reiko,Gurdon,rgurdonlv@skyrock.com,Female,60.4,235,26
789,Juline,Gorham,jgorhamlw@slate.com,Female,65.3,112,28
790,Aryn,Clay,aclaylx@statcounter.com,Female,59.4,166,20
791,Hedvige,Canedo,hcanedoly@google.es,Female,56.2,110,25
792,Brynna,Eat,beatlz@cargocollective.com,Female,77.0,124,27
793,Stuart,Scoone,sscoonem0@dailymotion.com,Male,76.4,151,40
794,Robinson,O'Regan,roreganm1@theatlantic.com,Male,64.8,180,21
795,Bobbette,Canlin,bcanlinm2@pbs.org,Female,71.9,244,21
796,Vicky,Deakin,vdeakinm3@nifty.com,Female,70.8,241,34
797,Gannon,Rief,griefm4@arizona.edu,Male,58.6,208,50
798,Myrta,Thorlby,mthorlbym5@loc.gov,Female,60.6,147,37
799,Jerome,Kitcherside,jkitchersidem6@yale.edu,Male,61.9,127,36
800,Leanna,Cleynman,lcleynmanm7@businesswire.com,Female,56.4,232,36
801,Gracia,Durn,gdurnm8@ebay.com,Genderqueer,58.1,237,31
802,Idalia,MacCleay,imaccleaym9@ustream.tv,Female,61.8,216,39
803,Phaedra,Sein,pseinma@bloglovin.com,Female,66.6,211,44
804,Niall,Cappineer,ncappineermb@vistaprint.com,Male,61.9,228,28
805,Ariella,Odom,aodommc@apache.org,Female,77.9,125,28
806,Phillip,Cliffe,pcliffemd@amazon.de,Male,57.9,163,41
807,Hanny,Arrighini,harrighinime@miibeian.gov.cn,Female,61.5,197,39
808,Cathie,Keward,ckewardmf@salon.com,Female,73.0,116,30
809,Tuesday,Care,tcaremg@unblog.fr,Female,59.9,182,43
810,Kenton,Skeates,kskeatesmh@mysql.com,Male,78.7,112,30
811,Roseanna,Ugoletti,rugolettimi@sourceforge.net,Genderqueer,71.1,146,35
812,Cletis,Francioli,cfranciolimj@cornell.edu,Male,65.5,196,29
813,Barry,Magnay,bmagnaymk@e-recht24.de,Male,74.9,192,29
814,Walden,Wooder,wwooderml@dagondesign.com,Agender,77.1,195,46
815,Adams,Coombs,acoombsmm@bandcamp.com,Male,57.5,170,28
816,Robina,Warrillow,rwarrillowmn@linkedin.com,Female,63.7,140,40
817,Stafani,Sowman,ssowmanmo@ycombinator.com,Genderqueer,76.6,204,36
818,Rosie,Grzelak,rgrzelakmp@google.pl,Female,69.2,241,48
819,Tommie,Restill,trestillmq@toplist.cz,Male,70.6,177,30
820,Maire,Gostick,mgostickmr@mozilla.com,Female,76.8,189,43
821,Sandro,Grimsdike,sgrimsdikems@constantcontact.com,Male,74.1,236,33
822,Clare,Muschette,cmuschettemt@tamu.edu,Male,60.8,209,21
823,Darda,Matresse,dmatressemu@disqus.com,Female,66.2,118,48
824,Golda,Neeves,gneevesmv@un.org,Female,65.9,193,39
825,Lanette,Gange,lgangemw@businessinsider.com,Female,58.8,144,46
826,Pryce,Cottis,pcottismx@photobucket.com,Male,66.7,174,42
827,Matteo,Peet,mpeetmy@admin.ch,Male,73.2,114,39
828,Burgess,Brucker,bbruckermz@ifeng.com,Male,74.0,210,21
829,Morganica,Chamberlain,mchamberlainn0@slashdot.org,Female,63.9,149,32
830,Mercy,Addey,maddeyn1@ihg.com,Female,66.8,205,21
831,Wilburt,Humphery,whumpheryn2@freewebs.com,Male,76.1,120,20
832,Leona,Haestier,lhaestiern3@blogger.com,Female,79.7,197,46
833,Kurtis,Karadzas,kkaradzasn4@amazon.co.uk,Male,57.2,235,27
834,Ad,Cowl,acowln5@ucoz.com,Male,67.9,222,29
835,Hamlin,Roose,hroosen6@comsenz.com,Bigender,62.9,101,31
836,Gus,McCourtie,gmccourtien7@smugmug.com,Male,56.3,107,37
837,Kristine,Talmadge,ktalmadgen8@dagondesign.com,Female,71.5,193,20
838,Catharina,Timbs,ctimbsn9@army.mil,Female,61.8,171,32
839,Boote,Mullane,bmullanena@hexun.com,Male,58.3,124,45
840,Joella,Cranage,jcranagenb@mtv.com,Female,73.8,182,41
841,Katie,Durtnal,kdurtnalnc@adobe.com,Genderqueer,60.3,116,25
842,Olivero,Arnall,oarnallnd@cmu.edu,Male,61.3,136,36
843,Britney,Kose,bkosene@devhub.com,Non-binary,65.8,124,24
844,Esra,Heading,eheadingnf@ucoz.ru,Male,71.9,118,39
845,Rozanne,Livingstone,rlivingstoneng@gravatar.com,Female,73.5,113,50
846,Jeannette,Dunn,jdunnnh@liveinternet.ru,Female,71.3,172,38
847,Matthiew,Askew,maskewni@trellian.com,Male,77.7,223,34
848,Orelee,Schulze,oschulzenj@dailymail.co.uk,Female,63.2,128,31
849,Marcus,Summerbell,msummerbellnk@sina.com.cn,Male,56.1,216,22
850,Aubine,Sivills,asivillsnl@sourceforge.net,Female,69.7,202,27
851,Noe,De Vaar,ndevaarnm@bloglovin.com,Male,64.8,229,47
852,Ozzie,Lain,olainnn@npr.org,Male,66.3,161,22
853,Kelsey,De la Perrelle,kdelaperrelleno@ox.ac.uk,Male,73.5,177,48
854,Stacy,Conklin,sconklinnp@ted.com,Female,76.7,121,26
855,Rudiger,Ritchings,rritchingsnq@ihg.com,Male,74.7,243,35
856,Glynda,Crosland,gcroslandnr@is.gd,Female,75.4,134,32
857,Cecelia,Buddock,cbuddockns@miitbeian.gov.cn,Female,76.0,226,33
858,Ailbert,Ninotti,aninottint@usa.gov,Male,62.6,160,42
859,Curtice,Sheal,cshealnu@nature.com,Male,72.2,191,48
860,Caresse,Gobbett,cgobbettnv@go.com,Female,79.2,128,49
861,Celine,Vanderson,cvandersonnw@prnewswire.com,Female,74.1,111,37
862,Malvin,Dodgshon,mdodgshonnx@newsvine.com,Male,69.3,158,24
863,Michael,Reckless,mrecklessny@bravesites.com,Male,73.0,196,26
864,Jayme,Magowan,jmagowannz@goo.gl,Male,63.6,138,34
865,Kenny,Bennet,kbenneto0@unesco.org,Genderfluid,71.9,208,35
866,Lazar,Coners,lconerso1@howstuffworks.com,Bigender,69.7,132,30
867,Keri,Baldacchi,kbaldacchio2@ted.com,Female,78.4,231,23
868,Wanids,Viggers,wviggerso3@wordpress.com,Female,61.5,135,43
869,Marietta,Sturte,msturteo4@cnbc.com,Male,63.4,169,36
870,Ty,Bearns,tbearnso5@ehow.com,Genderqueer,67.2,240,50
871,Chastity,Gunney,cgunneyo6@ebay.com,Female,64.8,171,37
872,Lana,Irving,lirvingo7@merriam-webster.com,Female,60.8,201,46
873,Theodosia,Villa,tvillao8@cam.ac.uk,Genderfluid,70.0,100,38
874,Stanwood,Stiant,sstianto9@army.mil,Genderfluid,56.4,179,22
875,Nadya,Draysay,ndraysayoa@washingtonpost.com,Non-binary,79.0,179,25
876,Marinna,Adamsky,madamskyob@slideshare.net,Female,60.2,215,24
877,Othilia,Freire,ofreireoc@altervista.org,Female,66.9,145,30
878,Lay,Coucher,lcoucherod@theguardian.com,Male,69.6,120,44
879,Almeria,Mowling,amowlingoe@arstechnica.com,Female,67.3,236,42
880,Renae,Kivell,rkivellof@umn.edu,Female,74.1,123,46
881,Ferrell,Claesens,fclaesensog@pen.io,Male,76.7,129,42
882,Colleen,Sherrin,csherrinoh@dion.ne.jp,Female,59.9,238,45
883,Lulita,Becraft,lbecraftoi@last.fm,Female,75.4,198,49
884,Lois,Baggally,lbaggallyoj@sakura.ne.jp,Female,61.0,203,50
885,Lea,Harkins,lharkinsok@ftc.gov,Female,69.4,121,35
886,Gary,Alexandersen,galexandersenol@google.pl,Male,59.4,216,47
887,Fawn,Oliva,folivaom@squarespace.com,Female,59.4,119,40
888,Bat,Worters,bworterson@mail.ru,Male,74.2,105,48
889,Marlie,Cruikshank,mcruikshankoo@narod.ru,Female,67.3,196,27
890,Dael,Basil,dbasilop@zimbio.com,Female,75.4,166,35
891,Katerine,Salkild,ksalkildoq@blogtalkradio.com,Female,67.6,109,30
892,Charleen,Price,cpriceor@domainmarket.com,Female,71.4,186,48
893,Monti,Heild,mheildos@japanpost.jp,Male,66.0,138,32
894,Elizabet,Havis,ehavisot@networkadvertising.org,Genderfluid,75.7,226,50
895,Brocky,Chesley,bchesleyou@mail.ru,Male,71.5,227,47
896,Isobel,Minards,iminardsov@berkeley.edu,Female,78.9,129,27
897,Corbet,Billingham,cbillinghamow@domainmarket.com,Male,62.0,110,35
898,Lou,Bowdidge,lbowdidgeox@so-net.ne.jp,Female,64.9,157,26
899,Alley,Ferrierio,aferrieriooy@amazon.de,Male,76.8,248,40
900,Johann,Shorton,jshortonoz@census.gov,Male,75.6,233,30
901,Bartel,Willimont,bwillimontp0@diigo.com,Male,76.5,145,35
902,Hallsy,Reihm,hreihmp1@ox.ac.uk,Male,71.4,156,21
903,Herculie,Bubbear,hbubbearp2@amazon.co.uk,Male,57.4,212,31
904,Josepha,Schach,jschachp3@ucoz.com,Female,75.9,130,36
905,Mordecai,Moffat,mmoffatp4@multiply.com,Male,71.3,202,31
906,Phedra,Goodbar,pgoodbarp5@goodreads.com,Female,77.2,170,31
907,Petronella,Udey,pudeyp6@eventbrite.com,Female,60.0,153,46
908,Biddie,Ainge,baingep7@webeden.co.uk,Female,69.7,240,22
909,Eilis,Vernazza,evernazzap8@omniture.com,Female,66.1,237,49
910,Maryanne,Dobbing,mdobbingp9@china.com.cn,Female,62.7,117,29
911,Dene,Broome,dbroomepa@twitpic.com,Male,72.1,146,44
912,Camile,Fazzioli,cfazziolipb@tinypic.com,Female,59.7,150,39
913,Chas,Axelbey,caxelbeypc@prlog.org,Male,57.2,189,23
914,Dennison,Rollett,drollettpd@walmart.com,Male,62.3,236,20
915,Suzanne,Gatland,sgatlandpe@google.com,Female,73.6,134,30
916,Collen,Ringer,cringerpf@samsung.com,Female,74.1,128,46
917,Inglis,Welham,iwelhampg@prweb.com,Male,63.7,238,36
918,Mattheus,Keuning,mkeuningph@thetimes.co.uk,Male,67.2,219,45
919,Charin,Frodsham,cfrodshampi@state.tx.us,Non-binary,63.9,235,34
920,Ami,O'Lagene,aolagenepj@illinois.edu,Female,62.3,116,44
921,Alma,McVicar,amcvicarpk@geocities.jp,Female,66.8,171,35
922,Vonnie,Hatfull,vhatfullpl@oracle.com,Female,70.7,223,27
923,Bryna,Rapps,brappspm@skype.com,Female,66.2,162,31
924,Boyce,Eady,beadypn@webnode.com,Male,67.6,204,34
925,Etienne,Winger,ewingerpo@w3.org,Male,60.5,193,27
926,Waite,Beswell,wbeswellpp@printfriendly.com,Male,56.2,190,24
927,Mechelle,McInnes,mmcinnespq@google.it,Female,60.8,207,26
928,Carmon,Solley,csolleypr@huffingtonpost.com,Female,66.3,231,27
929,Ketty,Ellerton,kellertonps@guardian.co.uk,Female,63.4,242,21
930,Winny,Woollends,wwoollendspt@oakley.com,Female,79.3,138,28
931,Norina,Erdis,nerdispu@cnn.com,Female,58.5,100,31
932,Godwin,Allwood,gallwoodpv@newyorker.com,Male,65.2,245,31
933,Lucas,Kalinke,lkalinkepw@census.gov,Male,64.5,236,48
934,Claus,Frenzel;,cfrenzelpx@photobucket.com,Male,56.9,165,29
935,Hermine,Gaiford,hgaifordpy@blogtalkradio.com,Female,66.8,160,22
936,Marylee,Kanzler,mkanzlerpz@pbs.org,Polygender,73.1,203,26
937,Catha,Mildenhall,cmildenhallq0@typepad.com,Female,66.8,111,29
938,Erwin,Caesar,ecaesarq1@sfgate.com,Male,72.4,148,20
939,Hali,Mil,hmilq2@is.gd,Female,72.3,106,32
940,Aeriell,Wilcinskis,awilcinskisq3@blogs.com,Female,67.5,96,30
941,Agosto,Volke,avolkeq4@google.ca,Male,59.2,114,27
942,Keen,Stanbrooke,kstanbrookeq5@comsenz.com,Male,76.3,209,33
943,Kasper,Dowle,kdowleq6@qq.com,Male,71.9,187,43
944,Valida,Carleman,vcarlemanq7@reuters.com,Polygender,74.8,246,36
945,Vevay,Blackborow,vblackborowq8@google.nl,Female,60.9,184,45
946,Ruthe,Papps,rpappsq9@rakuten.co.jp,Female,65.2,137,27
947,Timofei,Divver,tdivverqa@home.pl,Genderqueer,65.7,212,35
948,Aaron,Moxson,amoxsonqb@fastcompany.com,Male,71.2,157,36
949,Terrye,Lightwing,tlightwingqc@themeforest.net,Female,72.5,207,32
950,Eachelle,Blinman,eblinmanqd@dailymotion.com,Bigender,65.4,191,43
951,Padget,Whitmore,pwhitmoreqe@harvard.edu,Male,60.7,104,23
952,Noland,Phelps,nphelpsqf@ted.com,Male,69.0,235,37
953,Hercules,Saich,hsaichqg@sphinn.com,Male,57.1,96,27
954,Mayne,Cubbon,mcubbonqh@geocities.com,Male,71.9,208,45
955,Ali,Boliver,aboliverqi@people.com.cn,Male,61.9,133,38
956,Winifred,Di Biaggi,wdibiaggiqj@state.gov,Female,67.3,110,35
957,Rosalia,Vogele,rvogeleqk@people.com.cn,Female,67.4,146,31
958,Alexandrina,Postans,apostansql@nydailynews.com,Female,61.8,195,36
959,Hale,Le Batteur,hlebatteurqm@ovh.net,Male,68.2,176,20
960,Sherwin,Wiggam,swiggamqn@blog.com,Male,72.9,116,29
961,Trixy,MacQuaker,tmacquakerqo@goodreads.com,Female,57.7,196,39
962,Electra,Gravenell,egravenellqp@hexun.com,Non-binary,62.3,98,23
963,Sybil,Boutwell,sboutwellqq@ask.com,Female,59.1,185,20
964,Mel,O'Corhane,mocorhaneqr@instagram.com,Male,59.3,130,44
965,Giordano,Cogswell,gcogswellqs@huffingtonpost.com,Male,75.2,128,34
966,Grethel,Buggy,gbuggyqt@constantcontact.com,Female,68.3,242,45
967,Adriaens,Baukham,abaukhamqu@wix.com,Female,71.4,180,23
968,Edward,McGaffey,emcgaffeyqv@infoseek.co.jp,Male,58.1,124,40
969,Rubia,Marlin,rmarlinqw@unicef.org,Female,74.8,129,43
970,Shandee,Orring,sorringqx@flavors.me,Female,60.6,191,33
971,Nevsa,Searchwell,nsearchwellqy@drupal.org,Non-binary,77.8,196,34
972,Munmro,Stoodale,mstoodaleqz@discovery.com,Male,79.7,211,23
973,Creight,Pilpovic,cpilpovicr0@sitemeter.com,Male,65.3,225,40
974,Walther,St. Ledger,wstledgerr1@wikipedia.org,Male,66.4,101,22
975,Ermanno,Abad,eabadr2@paypal.com,Male,65.0,106,28
976,Dyna,Robard,drobardr3@tinyurl.com,Female,72.5,173,49
977,Brinn,Iacopetti,biacopettir4@opera.com,Female,69.0,168,22
978,Lucais,Hazlewood,lhazlewoodr5@cafepress.com,Male,70.0,133,45
979,Verney,Geary,vgearyr6@twitpic.com,Male,67.7,109,30
980,Shaw,Dictus,sdictusr7@cargocollective.com,Male,66.4,111,21
981,Efrem,Georgelin,egeorgelinr8@icq.com,Genderfluid,78.5,108,20
982,Gilly,Bailes,gbailesr9@yale.edu,Female,58.0,185,30
983,Egan,Connell,econnellra@ihg.com,Male,62.2,136,38
984,Jdavie,Farrears,jfarrearsrb@deviantart.com,Male,67.4,167,46
985,Bess,Parlet,bparletrc@msu.edu,Female,68.3,204,22
986,Florette,Hayman,fhaymanrd@reddit.com,Female,67.8,184,20
987,Nicola,Olivet,nolivetre@nih.gov,Non-binary,67.8,123,26
988,Raymund,Sayburn,rsayburnrf@yandex.ru,Male,60.2,161,43
989,Janaye,Cornejo,jcornejorg@feedburner.com,Female,56.9,231,29
990,Camellia,Wanless,cwanlessrh@economist.com,Female,70.0,106,29
991,Rhona,Mathew,rmathewri@seesaa.net,Female,68.3,172,34
992,Krista,Kench,kkenchrj@yahoo.com,Female,65.7,127,29
993,Willi,Pochon,wpochonrk@lycos.com,Male,65.0,140,27
994,Walsh,Gregr,wgregrrl@digg.com,Male,79.1,202,46
995,Celisse,Grieve,cgrieverm@biblegateway.com,Female,75.4,134,23
996,Virge,Philippe,vphilippern@google.com.hk,Male,63.2,102,24
997,Damita,Yarwood,dyarwoodro@rambler.ru,Female,60.4,111,49
998,Bari,Bulward,bbulwardrp@github.io,Female,63.9,222,42
999,Adelind,Firmager,afirmagerrq@free.fr,Female,75.1,140,38
1000,Derry,Taysbil,dtaysbilrr@seattletimes.com,Male,56.9,159,44
