id,first_name,last_name,email,sex,height ,weight,age
1,Christiano,Willisch,cwillisch0@abc.net.au,Male,59.8,170,61
2,Dasha,Newrick,dnewrick1@cocolog-nifty.com,Female,59.3,211,43
3,Agnes,Fargie,afargie2@stanford.edu,Female,67.3,201,42
4,Artus,Folbigg,afolbigg3@house.gov,Male,73.8,202,51
5,Terrie,Do,tdo4@multiply.com,Female,72.6,197,31
6,Marten,Terrington,mterrington5@archive.org,Male,63.5,142,35
7,Monika,Gabbatiss,mgabbatiss6@mozilla.com,Female,59.9,101,31
8,Garik,Kinneir,gkinneir7@vkontakte.ru,Male,79.2,174,43
9,Giuseppe,Cawthorne,gcawthorne8@imgur.com,Male,59.8,242,42
10,Taffy,Whitcombe,twhitcombe9@furl.net,Female,59.1,134,30
11,Meade,Gerred,mgerreda@com.com,Male,69.0,111,23
12,Jaquenetta,Hair,jhairb@google.de,Female,65.1,171,35
13,Lauri,Matlock,lmatlockc@howstuffworks.com,Female,57.0,239,46
14,Lita,Loynes,lloynesd@gnu.org,Female,66.2,229,34
15,Hort,Spurier,hspuriere@barnesandnoble.com,Male,67.8,182,58
16,Normy,Solland,nsollandf@free.fr,Male,68.7,223,23
17,Damon,Dodgshon,ddodgshong@ftc.gov,Male,71.5,145,29
18,Shandie,Jutson,sjutsonh@bluehost.com,Female,69.4,155,32
19,Thomasin,Trousdell,ttrousdelli@mapquest.com,Female,77.0,191,49
20,Whit,Duffy,wduffyj@miitbeian.gov.cn,Male,63.4,168,24
21,Ode,Prestwich,oprestwichk@weebly.com,Male,69.6,205,58
22,Wallis,Fuchs,wfuchsl@opensource.org,Male,64.3,233,24
23,Kristin,Budding,kbuddingm@amazon.co.uk,Female,59.7,163,24
24,Max,Corrett,mcorrettn@oaic.gov.au,Female,66.9,246,41
25,Chev,Goford,cgofordo@chron.com,Male,60.6,104,30
26,Ximenez,Valentelli,xvalentellip@moonfruit.com,Male,57.7,235,58
27,Adolph,Treharne,atreharneq@mapy.cz,Male,75.8,139,33
28,Carly,Guitte,cguitter@ftc.gov,Female,61.1,192,33
29,Berte,Skellon,bskellons@gravatar.com,Female,70.9,125,48
30,Jacquelyn,Jenicek,jjenicekt@eventbrite.com,Female,57.5,177,56
31,Thea,Winterton,twintertonu@dell.com,Female,79.9,141,24
32,Thoma,Flawn,tflawnv@friendfeed.com,Male,73.9,120,38
33,Giraud,Odgaard,godgaardw@addthis.com,Male,73.1,139,56
34,Boyce,Caudwell,bcaudwellx@hibu.com,Male,79.0,217,44
35,Glynda,McLean,gmcleany@netlog.com,Female,59.9,246,60
36,Hasheem,Fasey,hfaseyz@si.edu,Male,72.8,192,61
37,Uriah,Forth,uforth10@fc2.com,Male,67.3,132,46
38,Zackariah,MacIlwrick,zmacilwrick11@t-online.de,Male,63.0,115,42
39,Ofilia,Gilpillan,ogilpillan12@stanford.edu,Female,68.2,240,55
40,Merilyn,Gifford,mgifford13@chicagotribune.com,Female,62.0,115,59
41,Raymond,Grigoroni,rgrigoroni14@tamu.edu,Male,57.2,204,47
42,Denny,Charette,dcharette15@independent.co.uk,Male,67.4,168,65
43,Martino,Zoren,mzoren16@xinhuanet.com,Male,58.2,120,25
44,Teriann,Runge,trunge17@usnews.com,Female,64.7,232,37
45,Audie,Pedroli,apedroli18@sitemeter.com,Female,68.2,220,43
46,Mal,Pflieger,mpflieger19@lycos.com,Male,66.9,196,21
47,Rice,Tigner,rtigner1a@storify.com,Male,70.9,181,36
48,Lila,Dake,ldake1b@utexas.edu,Female,79.8,244,37
49,Tami,Tommeo,ttommeo1c@digg.com,Female,78.2,249,30
50,Colby,Nesbeth,cnesbeth1d@cornell.edu,Male,67.0,244,49
51,Glad,Cowndley,gcowndley1e@newyorker.com,Female,72.1,113,65
52,Nevile,Allder,nallder1f@4shared.com,Male,58.9,182,60
53,Abagail,Belden,abelden1g@diigo.com,Female,77.0,126,44
54,Stephen,Lazarus,slazarus1h@theatlantic.com,Male,70.9,225,26
55,Vittorio,Francomb,vfrancomb1i@slashdot.org,Male,73.8,212,26
56,Pepillo,Glandon,pglandon1j@alibaba.com,Male,73.3,126,25
57,Vanda,Milksop,vmilksop1k@cloudflare.com,Female,77.1,115,57
58,Dorree,Patley,dpatley1l@japanpost.jp,Female,75.2,233,58
59,Carolina,O'Connolly,coconnolly1m@constantcontact.com,Female,60.8,181,59
60,Franky,Kaygill,fkaygill1n@dropbox.com,Male,73.1,243,59
61,Tallie,Maharey,tmaharey1o@tiny.cc,Male,61.6,153,25
62,Chase,Sindell,csindell1p@arstechnica.com,Male,64.5,213,40
63,Hilde,Albery,halbery1q@marketwatch.com,Female,72.1,191,58
64,Wayne,Gatheridge,wgatheridge1r@google.com.br,Male,65.7,100,24
65,Luz,O'Cannan,locannan1s@java.com,Female,73.1,122,64
66,Chev,Jefferys,cjefferys1t@wiley.com,Male,69.1,221,41
67,Aldridge,Stalley,astalley1u@histats.com,Male,69.2,108,64
68,Maurizio,Yven,myven1v@aboutads.info,Male,72.6,179,30
69,Shara,Heasman,sheasman1w@google.com.au,Female,64.7,137,42
70,Sydelle,Horder,shorder1x@qq.com,Female,56.4,121,21
71,Nester,Jestico,njestico1y@state.gov,Male,68.8,202,37
72,Amble,Roskilly,aroskilly1z@stumbleupon.com,Male,63.3,201,21
73,Zane,Prujean,zprujean20@github.io,Male,67.5,190,41
74,Ash,Senecaut,asenecaut21@arizona.edu,Male,78.5,221,21
75,Cornie,O'Giany,cogiany22@imageshack.us,Male,63.5,235,35
76,Leontine,Camlin,lcamlin23@wikia.com,Female,65.2,209,29
77,Hubert,Crocken,hcrocken24@washingtonpost.com,Male,76.5,174,43
78,Friederike,Jose,fjose25@zimbio.com,Female,63.8,239,22
79,Guntar,Placide,gplacide26@studiopress.com,Male,78.5,165,35
80,Flossy,Kempston,fkempston27@unc.edu,Female,73.7,240,62
81,Israel,McCaskill,imccaskill28@123-reg.co.uk,Male,67.3,133,53
82,Kevina,Galilee,kgalilee29@booking.com,Female,64.2,190,20
83,Thelma,Kiehne,tkiehne2a@dailymail.co.uk,Female,78.0,146,26
84,Blake,Elacoate,belacoate2b@dagondesign.com,Male,61.9,105,56
85,Delbert,Krolik,dkrolik2c@economist.com,Male,56.5,119,30
86,Cosetta,Getty,cgetty2d@lulu.com,Female,63.6,122,48
87,Nels,Northing,nnorthing2e@latimes.com,Male,61.3,192,62
88,Koral,Gosforth,kgosforth2f@mysql.com,Female,77.8,173,56
89,Shelley,Barnish,sbarnish2g@privacy.gov.au,Male,72.7,168,50
90,Benny,Hewell,bhewell2h@1688.com,Male,78.6,167,54
91,Liliane,Wedge,lwedge2i@opensource.org,Female,77.8,246,27
92,Halsey,Avo,havo2j@sourceforge.net,Male,59.9,118,21
93,Darcy,Blankhorn,dblankhorn2k@senate.gov,Female,58.2,177,31
94,Zane,O'Luney,zoluney2l@furl.net,Male,60.3,117,24
95,Michal,Dionisetto,mdionisetto2m@yelp.com,Female,68.2,109,54
96,Aksel,Nelhams,anelhams2n@umich.edu,Male,56.1,210,30
97,Odilia,Elstub,oelstub2o@xrea.com,Female,59.5,222,47
98,Bobbie,Schettini,bschettini2p@marriott.com,Male,67.5,223,37
99,Tibold,Pashba,tpashba2q@forbes.com,Male,65.9,167,34
100,Orv,McClune,omcclune2r@google.fr,Male,71.2,197,44
101,Rosalinde,Shepton,rshepton2s@whitehouse.gov,Female,62.7,136,63
102,Shepherd,Whilder,swhilder2t@twitpic.com,Male,75.8,113,49
103,Joannes,Le Ball,jleball2u@cbslocal.com,Female,65.9,173,45
104,Betti,Couch,bcouch2v@ezinearticles.com,Female,56.6,244,58
105,Craggy,Karchowski,ckarchowski2w@utexas.edu,Male,66.3,239,62
106,Noby,Faragan,nfaragan2x@goodreads.com,Male,66.3,184,42
107,Hatty,Prose,hprose2y@dion.ne.jp,Female,78.1,159,36
108,Heywood,Codd,hcodd2z@4shared.com,Male,64.7,102,62
109,Merralee,Jinda,mjinda30@opensource.org,Female,61.0,140,55
110,Tyrus,Baudichon,tbaudichon31@topsy.com,Male,64.3,243,61
111,Edan,Kervin,ekervin32@cornell.edu,Male,68.2,169,39
112,Gaston,Bayman,gbayman33@prweb.com,Male,62.6,152,54
113,Mariellen,Brownhall,mbrownhall34@blogs.com,Female,78.5,250,39
114,Kahaleel,Baton,kbaton35@mozilla.com,Male,63.8,183,61
115,Parsifal,Scoggin,pscoggin36@constantcontact.com,Male,57.2,199,35
116,Julie,Crispin,jcrispin37@moonfruit.com,Female,57.2,100,46
117,Pembroke,Querree,pquerree38@topsy.com,Male,72.1,128,44
118,Sandye,Bust,sbust39@youtu.be,Female,76.3,105,38
119,Bruis,Abrahamian,babrahamian3a@yelp.com,Male,67.9,231,31
120,Valentina,Rodenburg,vrodenburg3b@mlb.com,Female,57.7,211,55
121,Jemima,Ludlom,jludlom3c@mlb.com,Female,69.3,214,23
122,Che,Brawson,cbrawson3d@usgs.gov,Male,72.8,123,56
123,Donny,Muslim,dmuslim3e@domainmarket.com,Female,71.7,183,35
124,Dominique,Fulleylove,dfulleylove3f@cdbaby.com,Male,59.5,110,36
125,Isaac,Roubert,iroubert3g@1688.com,Male,74.2,162,40
126,Thaxter,Ketcher,tketcher3h@wp.com,Male,75.5,211,54
127,Xylia,Bollis,xbollis3i@sina.com.cn,Female,68.2,157,26
128,Katherine,Pylkynyton,kpylkynyton3j@home.pl,Female,69.3,186,37
129,Lammond,Salzberg,lsalzberg3k@chicagotribune.com,Male,76.0,179,50
130,Devora,McGaugan,dmcgaugan3l@angelfire.com,Female,57.7,117,40
131,Marjory,Alberts,malberts3m@pen.io,Female,68.0,107,20
132,Romeo,Plaxton,rplaxton3n@nationalgeographic.com,Male,73.3,233,46
133,Heriberto,Birney,hbirney3o@163.com,Male,70.9,168,30
134,Standford,Jesse,sjesse3p@typepad.com,Male,67.4,209,26
135,Art,McCumesky,amccumesky3q@ibm.com,Male,72.1,206,56
136,Huey,McGougan,hmcgougan3r@sfgate.com,Male,75.9,224,34
137,Jacinthe,Gozney,jgozney3s@lulu.com,Female,75.0,109,62
138,Mendel,Mapp,mmapp3t@imdb.com,Male,72.9,105,60
139,Cybil,Minigo,cminigo3u@dell.com,Female,78.3,167,40
140,Selene,Clapton,sclapton3v@mozilla.org,Female,73.7,195,64
141,Horatius,McDonogh,hmcdonogh3w@fema.gov,Male,61.1,229,53
142,Lizzy,Danahar,ldanahar3x@meetup.com,Female,72.9,210,32
143,Charlean,Aizikovitch,caizikovitch3y@about.com,Female,76.1,179,54
144,Rose,Lathy,rlathy3z@sogou.com,Female,68.8,219,56
145,Karita,L'Archer,klarcher40@vistaprint.com,Female,74.8,123,48
146,Marty,Rickert,mrickert41@blinklist.com,Male,68.8,133,41
147,Rouvin,Capper,rcapper42@redcross.org,Male,58.8,126,65
148,Donalt,Dyball,ddyball43@vk.com,Male,78.1,114,47
149,Randall,Wright,rwright44@washingtonpost.com,Male,65.5,152,59
150,Carissa,Spellard,cspellard45@mac.com,Female,79.0,223,60
151,Ive,Hamilton,ihamilton46@altervista.org,Male,78.4,181,34
152,Cyrille,Ferbrache,cferbrache47@who.int,Male,76.6,197,24
153,Adrianna,Mithan,amithan48@google.com.au,Female,78.7,220,36
154,Robby,Merkle,rmerkle49@accuweather.com,Female,66.6,185,33
155,Gayle,Boucher,gboucher4a@ovh.net,Female,64.7,131,50
156,Glenna,Faragan,gfaragan4b@godaddy.com,Female,62.6,105,21
157,Dunc,Gosnold,dgosnold4c@arstechnica.com,Male,57.0,226,46
158,Lee,Bullier,lbullier4d@earthlink.net,Male,71.4,156,40
159,Michaeline,Bezzant,mbezzant4e@mit.edu,Female,58.9,198,31
160,Ronald,Flawith,rflawith4f@tinypic.com,Male,79.0,241,44
161,Deanne,Hastwell,dhastwell4g@washingtonpost.com,Female,75.5,160,55
162,Billie,Wem,bwem4h@acquirethisname.com,Female,56.7,217,62
163,Doria,Romney,dromney4i@alexa.com,Female,65.7,192,64
164,Paolo,Scutt,pscutt4j@comcast.net,Male,61.5,117,28
165,Jeth,Peet,jpeet4k@vistaprint.com,Male,67.4,229,20
166,Whitney,Shrimpling,wshrimpling4l@adobe.com,Female,68.8,137,52
167,Brantley,Corneliussen,bcorneliussen4m@princeton.edu,Male,78.4,189,55
168,Dominick,Merwe,dmerwe4n@stanford.edu,Male,65.9,144,59
169,Dorian,McGerraghty,dmcgerraghty4o@chicagotribune.com,Male,70.7,196,41
170,Baird,Guile,bguile4p@comsenz.com,Male,68.2,121,25
171,Conney,Pickless,cpickless4q@twitter.com,Male,72.1,109,24
172,Myrlene,Matoshin,mmatoshin4r@buzzfeed.com,Female,64.8,191,32
173,Katalin,Hanway,khanway4s@msn.com,Female,64.2,247,44
174,Lou,Newing,lnewing4t@bbb.org,Male,75.8,157,55
175,Brander,Emmer,bemmer4u@themeforest.net,Male,76.1,249,53
176,Otes,Pomphrey,opomphrey4v@princeton.edu,Male,57.1,230,27
177,Mickey,Gilluley,mgilluley4w@indiatimes.com,Male,69.1,116,33
178,Marlin,Cockshot,mcockshot4x@example.com,Male,75.3,144,46
179,Ciro,Boustred,cboustred4y@themeforest.net,Male,70.1,214,56
180,Iolande,Treversh,itreversh4z@admin.ch,Female,75.7,228,30
181,Lavina,Petruszka,lpetruszka50@edublogs.org,Female,79.2,121,43
182,Herman,Vasser,hvasser51@economist.com,Male,73.5,144,23
183,Noby,Klimko,nklimko52@bandcamp.com,Male,68.8,159,55
184,Donnell,Ramel,dramel53@reference.com,Male,60.1,135,29
185,Sebastiano,Bruinemann,sbruinemann54@boston.com,Male,72.5,213,54
186,Heddi,Willson,hwillson55@va.gov,Female,67.0,157,59
187,Sosanna,Grindley,sgrindley56@imgur.com,Female,71.5,141,36
188,Pierrette,Han,phan57@indiatimes.com,Female,78.0,105,55
189,Clarey,Parfitt,cparfitt58@angelfire.com,Female,61.7,129,43
190,Hersch,Tapenden,htapenden59@ed.gov,Male,63.5,226,41
191,Brande,Raulston,braulston5a@fc2.com,Female,77.3,231,25
192,Rina,Muspratt,rmuspratt5b@berkeley.edu,Female,60.6,208,35
193,Davon,Berthelmot,dberthelmot5c@reference.com,Male,63.6,241,22
194,Tami,Stodit,tstodit5d@toplist.cz,Female,71.7,119,53
195,Esther,Castelletti,ecastelletti5e@weibo.com,Female,79.5,179,20
196,Melisent,Blanket,mblanket5f@flickr.com,Female,72.2,155,33
197,Claudianus,Aykroyd,caykroyd5g@who.int,Male,58.8,133,26
198,Orson,Viccars,oviccars5h@yellowbook.com,Male,65.1,202,57
199,Henry,Wyatt,hwyatt5i@mit.edu,Male,71.9,147,58
200,Alameda,Kitchingman,akitchingman5j@dailymail.co.uk,Female,58.2,204,32
201,Rochell,Walbridge,rwalbridge5k@flickr.com,Female,68.8,180,63
202,Rube,Mackley,rmackley5l@dmoz.org,Male,75.6,150,51
203,Tibold,Tillman,ttillman5m@bigcartel.com,Male,79.6,233,28
204,Dani,Apthorpe,dapthorpe5n@icq.com,Male,79.2,140,30
205,Elayne,Gaddas,egaddas5o@squidoo.com,Female,66.5,212,32
206,Maison,Auty,mauty5p@marketwatch.com,Male,63.8,231,25
207,Sarette,Whitelock,swhitelock5q@vinaora.com,Female,71.4,186,60
208,Gaelan,Fessions,gfessions5r@dot.gov,Male,78.0,166,20
209,Jessie,Leverett,jleverett5s@hhs.gov,Female,68.2,218,34
210,Ethan,Ganiclef,eganiclef5t@alexa.com,Male,63.0,117,51
211,Kaleb,Dolling,kdolling5u@prlog.org,Male,69.4,185,56
212,Shirley,MacKenny,smackenny5v@telegraph.co.uk,Female,79.7,162,28
213,Christina,Twydell,ctwydell5w@linkedin.com,Female,74.9,240,56
214,Peg,Quidenham,pquidenham5x@fotki.com,Female,77.3,133,26
215,Lynnea,Gammell,lgammell5y@edublogs.org,Female,76.8,128,21
216,Maddie,Minget,mminget5z@huffingtonpost.com,Male,68.2,170,36
217,Carmella,O'Suaird,cosuaird60@yale.edu,Female,69.3,213,32
218,Tobe,Danielkiewicz,tdanielkiewicz61@blogger.com,Male,67.1,111,44
219,Blair,Alabone,balabone62@boston.com,Male,77.5,172,26
220,Gertie,Kydde,gkydde63@virginia.edu,Female,64.4,224,25
221,Jayme,Christian,jchristian64@icio.us,Male,58.7,107,29
222,Dominica,Aizikov,daizikov65@simplemachines.org,Female,78.3,204,48
223,Billye,Hebbs,bhebbs66@huffingtonpost.com,Female,79.0,243,45
224,George,Aronstam,garonstam67@ezinearticles.com,Male,67.7,118,62
225,Raffarty,Illesley,rillesley68@answers.com,Male,61.5,209,58
226,Hendrik,Murrill,hmurrill69@paginegialle.it,Male,77.1,144,43
227,Cornell,Patchett,cpatchett6a@prweb.com,Male,73.2,103,56
228,Clevie,Guirardin,cguirardin6b@amazon.co.jp,Male,76.4,115,59
229,Inga,Tideswell,itideswell6c@pcworld.com,Female,57.8,161,51
230,Bogart,Godleman,bgodleman6d@artisteer.com,Male,67.7,138,46
231,Emlynn,O'Cullen,eocullen6e@opera.com,Female,65.7,105,40
232,Tynan,Grigson,tgrigson6f@studiopress.com,Male,69.4,228,52
233,Grant,Jarrell,gjarrell6g@woothemes.com,Male,67.3,219,41
234,Jamison,Sollner,jsollner6h@europa.eu,Male,60.2,213,21
235,Ives,Dowthwaite,idowthwaite6i@google.ca,Male,75.1,127,63
236,Hersh,Pyecroft,hpyecroft6j@sciencedaily.com,Male,70.2,127,56
237,Noella,Balston,nbalston6k@livejournal.com,Female,70.1,120,41
238,Devin,Meert,dmeert6l@usnews.com,Male,65.7,148,27
239,Amye,Hazlegrove,ahazlegrove6m@spotify.com,Female,65.0,146,64
240,Avivah,Joannet,ajoannet6n@ifeng.com,Female,70.0,131,52
241,Fulton,Henrych,fhenrych6o@alibaba.com,Male,72.4,118,46
242,Neel,Thurlow,nthurlow6p@biblegateway.com,Male,73.3,219,30
243,Samuele,Klink,sklink6q@livejournal.com,Male,56.1,218,28
244,Kandace,Ballantine,kballantine6r@google.pl,Female,69.4,237,54
245,Jilleen,Loughlin,jloughlin6s@webmd.com,Female,75.6,191,63
246,Lief,Raubenheimers,lraubenheimers6t@sogou.com,Male,71.3,221,63
247,Mahalia,Corkill,mcorkill6u@e-recht24.de,Female,72.4,208,39
248,Reggie,Yarnold,ryarnold6v@springer.com,Female,74.8,133,50
249,Culley,Beckingham,cbeckingham6w@timesonline.co.uk,Male,64.1,224,23
250,Jule,Valsler,jvalsler6x@shareasale.com,Male,75.9,241,33
251,Kelila,Humby,khumby6y@spiegel.de,Female,62.4,187,45
252,Teddy,Brimicombe,tbrimicombe6z@imageshack.us,Female,62.4,239,45
253,Jamesy,Presnall,jpresnall70@nytimes.com,Male,68.8,174,59
254,Derwin,Plumptre,dplumptre71@boston.com,Male,69.1,100,50
255,Rafe,Blucher,rblucher72@hud.gov,Male,77.0,207,62
256,Dominic,de'-Ancy Willis,ddeancywillis73@vk.com,Male,73.3,246,31
257,Merrili,Jepp,mjepp74@soundcloud.com,Female,60.0,136,62
258,Gianina,Iacavone,giacavone75@mysql.com,Female,72.7,209,52
259,Danny,Antonomoli,dantonomoli76@163.com,Male,56.8,192,51
260,Even,Nitti,enitti77@paypal.com,Male,79.9,205,53
261,Devinne,Gillham,dgillham78@marketwatch.com,Female,59.8,167,50
262,Marget,Moffet,mmoffet79@godaddy.com,Female,61.3,116,53
263,Arnuad,Janjic,ajanjic7a@sciencedirect.com,Male,75.5,184,30
264,Standford,D'Antoni,sdantoni7b@facebook.com,Male,60.0,136,53
265,Gay,McNea,gmcnea7c@lulu.com,Female,62.6,140,43
266,Erhart,Reddlesden,ereddlesden7d@europa.eu,Male,79.8,223,49
267,Torrey,Urlich,turlich7e@dion.ne.jp,Male,61.2,232,58
268,Edee,Renyard,erenyard7f@sun.com,Female,66.3,124,54
269,Ingemar,Itschakov,iitschakov7g@usnews.com,Male,65.1,118,49
270,Danella,Crummie,dcrummie7h@ow.ly,Female,68.5,232,62
271,Quent,Dienes,qdienes7i@wordpress.org,Male,56.2,159,25
272,Corny,Folkerd,cfolkerd7j@bloglines.com,Female,69.0,109,33
273,Sid,Blaber,sblaber7k@tmall.com,Male,65.0,213,29
274,Dorie,Andre,dandre7l@biglobe.ne.jp,Male,74.8,196,60
275,Terrence,Sorton,tsorton7m@dot.gov,Male,68.4,120,43
276,Ellynn,Nudde,enudde7n@github.com,Female,63.2,184,55
277,Gaultiero,Le Noir,glenoir7o@nsw.gov.au,Male,62.0,141,25
278,Royce,Exer,rexer7p@flavors.me,Male,58.8,246,29
279,Fleur,Lorens,florens7q@youtu.be,Female,70.7,139,32
280,Lebbie,Ballantine,lballantine7r@yahoo.co.jp,Female,67.7,184,27
281,Geoff,Tomaszynski,gtomaszynski7s@chronoengine.com,Male,74.1,248,39
282,Irma,Checcuzzi,icheccuzzi7t@wikispaces.com,Female,59.9,151,23
283,Finn,Couroy,fcouroy7u@amazon.co.uk,Male,60.2,119,24
284,Standford,Fursey,sfursey7v@xing.com,Male,59.8,202,39
285,Gilbert,Snalham,gsnalham7w@columbia.edu,Male,76.2,191,62
286,Tasia,Bocken,tbocken7x@mashable.com,Female,56.6,185,48
287,Christean,Quarmby,cquarmby7y@webmd.com,Female,67.8,164,54
288,Vin,MacGille,vmacgille7z@microsoft.com,Male,78.9,205,59
289,Caron,Clemenzi,cclemenzi80@mashable.com,Female,72.7,118,52
290,Karry,Keary,kkeary81@ucoz.ru,Female,72.7,138,45
291,Corney,Matantsev,cmatantsev82@reddit.com,Male,59.0,173,58
292,Modestia,Aitken,maitken83@businesswire.com,Female,73.0,147,30
293,Rollins,Gilby,rgilby84@wikimedia.org,Male,57.7,239,46
294,Charo,Vautre,cvautre85@miibeian.gov.cn,Female,63.5,197,20
295,Myron,Lanaway,mlanaway86@cmu.edu,Male,63.0,197,45
296,Ferne,Jardin,fjardin87@plala.or.jp,Female,73.6,171,62
297,Dominica,Hargraves,dhargraves88@umn.edu,Female,71.7,163,43
298,Cord,Jedryka,cjedryka89@eepurl.com,Male,77.7,159,26
299,Georges,Saunders,gsaunders8a@imageshack.us,Male,75.1,228,37
300,Allyce,McAdam,amcadam8b@washington.edu,Female,60.7,219,58
301,Millard,Oxburgh,moxburgh8c@ibm.com,Male,74.4,245,58
302,Marylynne,Hutcheon,mhutcheon8d@timesonline.co.uk,Female,63.1,184,34
303,Clyde,Young,cyoung8e@si.edu,Male,63.4,199,45
304,Trixie,Ofener,tofener8f@hibu.com,Female,59.7,210,36
305,Pammy,McWhinnie,pmcwhinnie8g@businessinsider.com,Female,76.7,215,53
306,Stu,Gilkes,sgilkes8h@soup.io,Male,78.6,145,31
307,Myrvyn,Giacobbo,mgiacobbo8i@utexas.edu,Male,65.6,109,31
308,Berthe,Chantree,bchantree8j@wufoo.com,Female,74.4,162,27
309,Berti,Ledwich,bledwich8k@mapquest.com,Male,73.9,151,39
310,Ban,Lilly,blilly8l@youku.com,Male,59.8,147,43
311,Halli,Peasnone,hpeasnone8m@soup.io,Female,74.7,245,28
312,Gerhardine,Dunrige,gdunrige8n@dion.ne.jp,Female,60.8,147,23
313,Saudra,St. Paul,sstpaul8o@fastcompany.com,Female,59.2,209,42
314,Brucie,Blacklidge,bblacklidge8p@wordpress.org,Male,76.1,211,43
315,Cynthia,Lodo,clodo8q@dot.gov,Female,60.8,159,49
316,Rowland,Shepcutt,rshepcutt8r@shutterfly.com,Male,76.0,206,22
317,Sibylla,Conneau,sconneau8s@umn.edu,Female,74.7,196,45
318,Selle,Ramsden,sramsden8t@tinyurl.com,Female,66.7,233,52
319,Ruttger,Vaggers,rvaggers8u@e-recht24.de,Male,57.0,146,65
320,Coral,Stearn,cstearn8v@lycos.com,Female,76.7,132,55
321,Talyah,Garfit,tgarfit8w@blogspot.com,Female,61.2,221,42
322,Nelia,Haddrell,nhaddrell8x@si.edu,Female,59.5,158,46
323,Brose,Bentote,bbentote8y@soup.io,Male,68.6,152,61
324,Shawn,Jaquet,sjaquet8z@joomla.org,Male,61.1,151,30
325,Miguelita,Magwood,mmagwood90@usgs.gov,Female,67.8,202,34
326,Almeda,Domm,adomm91@paypal.com,Female,66.9,120,24
327,Abey,Keynd,akeynd92@aol.com,Male,75.8,123,57
328,Alvie,Rame,arame93@amazon.com,Male,60.1,226,62
329,Tull,Camber,tcamber94@sfgate.com,Male,75.3,170,57
330,Sigmund,Reith,sreith95@themeforest.net,Male,77.0,128,51
331,Mason,Leigh,mleigh96@scribd.com,Male,70.6,149,32
332,Kori,Snozzwell,ksnozzwell97@sphinn.com,Female,58.7,242,53
333,Madeline,Doggerell,mdoggerell98@gmpg.org,Female,58.2,130,28
334,Babbie,Stanning,bstanning99@cyberchimps.com,Female,62.1,134,43
335,Yankee,Gumme,ygumme9a@wikimedia.org,Male,69.8,169,43
336,Kerk,Hacun,khacun9b@narod.ru,Male,70.4,119,36
337,Gabby,Rothschild,grothschild9c@plala.or.jp,Male,77.0,147,36
338,Kermit,Hassey,khassey9d@nba.com,Male,57.2,156,27
339,Brittaney,Muehle,bmuehle9e@nyu.edu,Female,60.3,222,49
340,Arlin,Lydall,alydall9f@friendfeed.com,Male,58.7,190,52
341,Sada,Scopes,sscopes9g@toplist.cz,Female,62.4,159,60
342,Clayton,McCarron,cmccarron9h@tripadvisor.com,Male,67.4,230,34
343,Hadleigh,Voase,hvoase9i@behance.net,Male,61.1,139,43
344,Ivonne,Shaddock,ishaddock9j@miitbeian.gov.cn,Female,60.5,169,20
345,Breena,Woodcraft,bwoodcraft9k@gov.uk,Female,64.0,244,25
346,Gabie,Dufaur,gdufaur9l@qq.com,Male,76.2,236,56
347,Ruy,Grosvener,rgrosvener9m@shop-pro.jp,Male,67.7,158,22
348,Franni,Plewman,fplewman9n@artisteer.com,Female,66.3,168,40
349,Dulcy,Hoys,dhoys9o@instagram.com,Female,79.9,239,50
350,Stanton,Boc,sboc9p@cloudflare.com,Male,66.2,239,45
351,Livvyy,Schoenfisch,lschoenfisch9q@virginia.edu,Female,79.4,163,35
352,Clevey,Cartwight,ccartwight9r@blogger.com,Male,68.8,207,54
353,Barbabas,Duigenan,bduigenan9s@wsj.com,Male,77.3,209,27
354,Julius,Whittuck,jwhittuck9t@omniture.com,Male,72.2,220,30
355,Pepe,Swaffer,pswaffer9u@eepurl.com,Male,71.1,200,44
356,Pacorro,Boatwright,pboatwright9v@yellowbook.com,Male,76.2,248,48
357,Addi,Blaxland,ablaxland9w@ft.com,Female,77.7,220,32
358,Consuela,Ollarenshaw,collarenshaw9x@google.ca,Female,58.5,207,44
359,Russell,Huxtable,rhuxtable9y@1und1.de,Male,56.2,240,59
360,Obie,Biagi,obiagi9z@pcworld.com,Male,61.6,107,42
361,Karry,England,kenglanda0@chicagotribune.com,Female,63.0,150,65
362,Antonia,Figiovanni,afigiovannia1@php.net,Female,63.0,111,36
363,Orson,Quickfall,oquickfalla2@jigsy.com,Male,69.0,204,60
364,Gertruda,Colthurst,gcolthursta3@ed.gov,Female,79.8,208,26
365,Yorgos,Spillard,yspillarda4@ibm.com,Male,63.3,156,29
366,Riccardo,Boyall,rboyalla5@free.fr,Male,71.9,145,50
367,Anallise,Eliet,aelieta6@businesswire.com,Female,65.6,132,41
368,Markus,Cormode,mcormodea7@alibaba.com,Male,63.0,153,49
369,Carlynne,Anthoin,canthoina8@altervista.org,Female,59.4,200,22
370,Alfons,Jozef,ajozefa9@dagondesign.com,Male,76.1,105,27
371,Tann,McIlwraith,tmcilwraithaa@eepurl.com,Male,56.4,228,41
372,Jeremy,Weson,jwesonab@whitehouse.gov,Male,74.7,211,29
373,Robb,Hudleston,rhudlestonac@csmonitor.com,Male,57.7,133,60
374,Humfried,Tomowicz,htomowiczad@tinypic.com,Male,62.7,159,52
375,Aurelie,Evert,aevertae@feedburner.com,Female,61.6,246,32
376,Cathleen,Shortall,cshortallaf@umich.edu,Female,57.3,156,23
377,Shaughn,Siggin,ssigginag@diigo.com,Male,64.0,221,26
378,Clemmie,Maingot,cmaingotah@forbes.com,Female,58.9,185,48
379,Vikki,Niblett,vniblettai@gov.uk,Female,59.9,246,30
380,Colman,Charles,ccharlesaj@guardian.co.uk,Male,76.7,189,53
381,Lise,Beams,lbeamsak@last.fm,Female,72.7,217,42
382,Bethena,Larciere,blarciereal@lulu.com,Female,61.4,224,45
383,Chance,Mailey,cmaileyam@admin.ch,Male,63.0,250,56
384,Thaddus,Servis,tservisan@about.me,Male,79.1,161,22
385,Dorisa,Verrillo,dverrilloao@netlog.com,Female,58.7,205,62
386,Raf,Turl,rturlap@homestead.com,Female,76.8,202,63
387,Cart,Leving,clevingaq@buzzfeed.com,Male,74.0,105,24
388,Gonzalo,Normadell,gnormadellar@apple.com,Male,68.5,201,50
389,Hilton,Whithorn,hwhithornas@tiny.cc,Male,77.7,101,47
390,Judah,MacCole,jmaccoleat@flavors.me,Male,69.0,166,20
391,Sol,Kundt,skundtau@twitpic.com,Male,66.6,148,25
392,Boote,Colten,bcoltenav@nationalgeographic.com,Male,64.6,113,20
393,Van,Bardwell,vbardwellaw@chron.com,Female,77.7,141,34
394,Ranice,Ambrogelli,rambrogelliax@prnewswire.com,Female,78.8,189,57
395,Jolee,Olivey,joliveyay@java.com,Female,66.2,231,40
396,Romy,Hrycek,rhrycekaz@yolasite.com,Female,57.7,210,54
397,Ariana,Mustard,amustardb0@admin.ch,Female,66.6,239,49
398,Jamie,Flatt,jflattb1@youku.com,Male,61.0,195,51
399,Deane,Josefson,djosefsonb2@xinhuanet.com,Female,56.1,238,35
400,Nicoline,Klas,nklasb3@psu.edu,Female,67.1,129,63
401,Jo ann,Padden,jpaddenb4@wufoo.com,Female,56.4,116,21
402,Crosby,Hartfleet,chartfleetb5@over-blog.com,Male,59.5,156,59
403,Quentin,Saunier,qsaunierb6@patch.com,Male,59.2,192,57
404,Danila,Chatel,dchatelb7@hibu.com,Female,73.4,211,29
405,Sigismund,Madelin,smadelinb8@kickstarter.com,Male,73.3,249,25
406,Asher,Stockings,astockingsb9@tamu.edu,Male,64.0,112,39
407,Alfredo,Twatt,atwattba@thetimes.co.uk,Male,59.1,182,25
408,Allene,MacTague,amactaguebb@ftc.gov,Female,61.4,117,45
409,Amity,Gounot,agounotbc@prlog.org,Female,72.4,133,38
410,Hunfredo,Mattheissen,hmattheissenbd@vinaora.com,Male,78.5,188,44
411,Burnard,Dragge,bdraggebe@wix.com,Male,62.0,149,61
412,Augustus,Fenix,afenixbf@opensource.org,Male,67.7,249,61
413,Sherrie,Collishaw,scollishawbg@biglobe.ne.jp,Female,73.5,123,33
414,Ardella,Hebditch,ahebditchbh@mail.ru,Female,64.3,106,50
415,Chic,Dreamer,cdreamerbi@yahoo.com,Male,58.7,122,29
416,Darb,Dartan,ddartanbj@alexa.com,Male,65.8,123,60
417,Amerigo,Wreiford,awreifordbk@printfriendly.com,Male,66.4,108,20
418,Conant,Ferreli,cferrelibl@hexun.com,Male,60.4,195,22
419,Nowell,Allonby,nallonbybm@ucoz.ru,Male,65.6,136,59
420,Vi,Collocott,vcollocottbn@stumbleupon.com,Female,75.1,190,36
421,Estel,Kobpac,ekobpacbo@sitemeter.com,Female,79.3,214,37
422,Emelita,Walcot,ewalcotbp@feedburner.com,Female,56.3,189,31
423,Katharine,Manske,kmanskebq@ibm.com,Female,64.4,164,55
424,Nathanil,Irce,nircebr@pen.io,Male,60.2,174,26
425,Chicky,Musla,cmuslabs@g.co,Female,75.2,104,39
426,Krissie,Tarren,ktarrenbt@t-online.de,Female,57.7,156,50
427,Frasco,Charopen,fcharopenbu@goo.gl,Male,77.5,199,46
428,Kelci,Tretter,ktretterbv@unblog.fr,Female,63.7,197,60
429,Caty,Garmey,cgarmeybw@google.com.hk,Female,76.6,225,22
430,Darla,Padgett,dpadgettbx@hatena.ne.jp,Female,72.9,203,64
431,Matt,Silcocks,msilcocksby@flickr.com,Male,77.5,233,20
432,Maje,Elwin,melwinbz@google.com.hk,Male,64.6,159,41
433,Marietta,Twelftree,mtwelftreec0@who.int,Female,58.4,223,29
434,Louella,Delong,ldelongc1@flickr.com,Female,70.7,134,23
435,Lenee,Swatland,lswatlandc2@virginia.edu,Female,71.2,184,24
436,Anatole,Corradi,acorradic3@indiatimes.com,Male,61.6,200,21
437,Dominick,Bernucci,dbernuccic4@businessinsider.com,Male,63.6,101,54
438,Sonny,Corryer,scorryerc5@sciencedirect.com,Female,79.9,154,27
439,Del,Bampkin,dbampkinc6@newyorker.com,Female,56.0,226,59
440,Lamont,Gillet,lgilletc7@is.gd,Male,71.2,203,63
441,Hewie,Lightbown,hlightbownc8@ucsd.edu,Male,69.8,166,58
442,Barris,Belham,bbelhamc9@deviantart.com,Male,74.6,102,30
443,Melisenda,Melin,mmelinca@angelfire.com,Female,73.8,172,49
444,Allistir,Wise,awisecb@oracle.com,Male,78.3,122,23
445,Timothy,Cleare,tclearecc@soup.io,Male,60.3,216,49
446,Son,Londors,slondorscd@blogger.com,Male,60.9,197,52
447,Wyatt,Rennocks,wrennocksce@vistaprint.com,Male,58.2,207,27
448,Whitney,Kew,wkewcf@drupal.org,Male,64.9,195,52
449,Bret,Rodnight,brodnightcg@ucsd.edu,Male,68.0,227,47
450,Tammie,Jenne,tjennech@aol.com,Male,79.1,205,46
451,Malachi,Eldrett,meldrettci@rakuten.co.jp,Male,70.3,156,62
452,Kathye,Brumwell,kbrumwellcj@netlog.com,Female,62.2,135,56
453,Isiahi,Hannaby,ihannabyck@home.pl,Male,79.5,199,62
454,Lorrayne,MacMillan,lmacmillancl@paginegialle.it,Female,76.0,100,45
455,Marlena,Matic,mmaticcm@zdnet.com,Female,77.6,104,49
456,Ty,Bowdler,tbowdlercn@narod.ru,Male,70.3,212,34
457,Kelci,McCreedy,kmccreedyco@blogger.com,Female,77.7,142,33
458,Kingsley,Mulliner,kmullinercp@linkedin.com,Male,65.5,140,65
459,Michal,Cattroll,mcattrollcq@zimbio.com,Male,65.5,186,21
460,Justinian,Cayet,jcayetcr@php.net,Male,70.7,235,47
461,Munmro,O'Rowane,morowanecs@ihg.com,Male,57.6,102,43
462,Andrus,McCreary,amccrearyct@networksolutions.com,Male,65.0,115,51
463,Pernell,Asson,passoncu@myspace.com,Male,59.3,119,60
464,Illa,Greenstock,igreenstockcv@taobao.com,Female,75.5,250,54
465,Shandie,Berwick,sberwickcw@google.nl,Female,65.8,184,48
466,Ilaire,Triggel,itriggelcx@businessweek.com,Male,74.1,176,37
467,Tucker,Aim,taimcy@mashable.com,Male,57.4,150,43
468,Layton,Lambkin,llambkincz@netvibes.com,Male,77.0,231,65
469,Tracey,Lenormand,tlenormandd0@netscape.com,Female,56.2,220,50
470,Ken,Barthram,kbarthramd1@latimes.com,Male,59.0,225,29
471,Alikee,Basson,abassond2@weibo.com,Female,69.3,129,21
472,Delmor,Bouller,dboullerd3@cdc.gov,Male,58.0,109,63
473,Ganny,Loachhead,gloachheadd4@weebly.com,Male,80.0,183,29
474,Estel,Thewys,ethewysd5@multiply.com,Female,59.1,201,54
475,Elyse,Rust,erustd6@google.it,Female,64.6,186,28
476,Sadye,Pointing,spointingd7@skype.com,Female,67.5,163,40
477,Carina,Kydd,ckyddd8@springer.com,Female,56.4,155,60
478,Aubry,Simoncini,asimoncinid9@wisc.edu,Female,58.7,246,38
479,Esta,Antoons,eantoonsda@wiley.com,Female,75.4,103,26
480,Arlen,McFarland,amcfarlanddb@huffingtonpost.com,Male,71.7,249,52
481,Christian,Hearmon,chearmondc@goodreads.com,Male,66.7,206,30
482,Mirelle,Jordin,mjordindd@japanpost.jp,Female,74.8,142,44
483,Marlin,Lanney,mlanneyde@amazon.co.jp,Male,64.3,239,65
484,Murvyn,Tireman,mtiremandf@huffingtonpost.com,Male,64.5,142,33
485,Aviva,Birtle,abirtledg@nih.gov,Female,62.3,185,63
486,Gan,Macilhench,gmacilhenchdh@who.int,Male,56.2,236,62
487,Killy,Van der Brug,kvanderbrugdi@loc.gov,Male,65.7,215,44
488,Marsh,Braunthal,mbraunthaldj@alexa.com,Male,74.2,169,41
489,Arline,Margett,amargettdk@youtube.com,Female,62.5,247,25
490,Simone,O'Henecan,sohenecandl@ucoz.ru,Male,71.7,170,32
491,Burt,Muspratt,bmusprattdm@w3.org,Male,71.8,172,49
492,Paola,Lindback,plindbackdn@wufoo.com,Female,75.5,179,44
493,Gerty,Ascraft,gascraftdo@foxnews.com,Female,60.7,183,21
494,Madonna,Esp,mespdp@skyrock.com,Female,78.5,119,61
495,Jandy,Itzcovichch,jitzcovichchdq@ucla.edu,Female,69.9,120,50
496,Tulley,Sifleet,tsifleetdr@biglobe.ne.jp,Male,68.1,118,22
497,Ev,Bowlands,ebowlandsds@is.gd,Male,78.1,241,23
498,Gareth,Greedier,ggreedierdt@unc.edu,Male,67.8,109,40
499,Morten,Huban,mhubandu@ameblo.jp,Male,73.1,128,55
500,Pauly,Loadman,ploadmandv@salon.com,Male,61.7,116,32
501,Fitz,Novis,fnovisdw@irs.gov,Male,69.3,190,52
502,Issi,Tullot,itullotdx@economist.com,Female,78.0,158,22
503,Ulysses,Matei,umateidy@angelfire.com,Male,61.6,148,44
504,Avrom,Roo,aroodz@tmall.com,Male,59.0,207,49
505,Russell,Fruchter,rfruchtere0@blogspot.com,Male,79.3,128,58
506,Farly,Devanney,fdevanneye1@theatlantic.com,Male,62.5,131,20
507,Lothario,Vernay,lvernaye2@sina.com.cn,Male,65.8,200,37
508,Jae,Abbets,jabbetse3@ca.gov,Male,68.1,106,28
509,Lorelle,Klyn,lklyne4@edublogs.org,Female,62.6,207,59
510,Curry,Meltetal,cmeltetale5@wisc.edu,Male,78.9,134,27
511,Scot,Yegorovnin,syegorovnine6@ifeng.com,Male,78.9,217,49
512,Katha,Drinnan,kdrinnane7@shop-pro.jp,Female,57.8,239,50
513,Chrotoem,Gabbot,cgabbote8@baidu.com,Male,72.0,207,43
514,Anthiathia,Cristoforetti,acristoforettie9@ow.ly,Female,74.5,226,40
515,Swen,Wash,swashea@microsoft.com,Male,67.4,133,49
516,Nathaniel,Stroobant,nstroobanteb@goo.gl,Male,64.2,133,58
517,Barnebas,Paddon,bpaddonec@gmpg.org,Male,77.5,142,46
518,Zsa zsa,Brislan,zbrislaned@themeforest.net,Female,60.7,181,55
519,Kipper,Martino,kmartinoee@amazon.co.jp,Male,61.6,190,40
520,Fay,Mattock,fmattockef@time.com,Female,79.6,219,49
521,Balduin,Hardwell,bhardwelleg@tuttocitta.it,Male,72.2,221,45
522,Michel,Shoreman,mshoremaneh@cyberchimps.com,Male,67.0,101,43
523,Bride,Pygott,bpygottei@smugmug.com,Female,63.4,159,25
524,Brendis,Rosebotham,brosebothamej@ycombinator.com,Male,56.3,240,25
525,Pippa,Grishelyov,pgrishelyovek@accuweather.com,Female,76.5,206,37
526,Guthrey,Butterfill,gbutterfillel@statcounter.com,Male,79.4,216,31
527,Lanny,Whenman,lwhenmanem@ucoz.com,Male,57.7,150,55
528,Jackquelin,Emlen,jemlenen@mediafire.com,Female,69.0,183,24
529,Jasmin,Tottman,jtottmaneo@scribd.com,Female,75.1,247,33
530,Savina,Tremonte,stremonteep@example.com,Female,70.5,212,44
531,Ardys,Parsand,aparsandeq@state.tx.us,Female,62.2,163,31
532,Clio,Grouse,cgrouseer@ow.ly,Female,62.9,144,41
533,Indira,Heaney,iheaneyes@miitbeian.gov.cn,Female,64.9,103,56
534,Bayard,Geroldo,bgeroldoet@sogou.com,Male,61.3,133,23
535,Cheston,Petrovsky,cpetrovskyeu@wikispaces.com,Male,61.0,131,36
536,Cindee,Dumbelton,cdumbeltonev@aboutads.info,Female,76.1,162,36
537,Zaccaria,Predohl,zpredohlew@ebay.com,Male,72.6,245,45
538,Muffin,Malzard,mmalzardex@un.org,Female,61.5,171,51
539,Baron,Lange,blangeey@yellowpages.com,Male,61.6,115,60
540,Barbee,Lacaze,blacazeez@seattletimes.com,Female,56.4,178,65
541,Laina,Spellecy,lspellecyf0@narod.ru,Female,75.5,206,60
542,Chilton,Sketcher,csketcherf1@un.org,Male,65.5,157,25
543,Nelie,Snoddin,nsnoddinf2@stumbleupon.com,Female,74.1,191,40
544,Ingemar,Slowcock,islowcockf3@java.com,Male,62.3,157,47
545,Bourke,Barden,bbardenf4@craigslist.org,Male,56.1,211,21
546,Gunner,Ratke,gratkef5@house.gov,Male,73.3,205,63
547,Sheff,Doumic,sdoumicf6@ameblo.jp,Male,68.1,209,33
548,Kerstin,Scarlon,kscarlonf7@youku.com,Female,68.3,205,41
549,Rodd,Crewdson,rcrewdsonf8@imdb.com,Male,68.8,196,40
550,Natale,Dripps,ndrippsf9@com.com,Male,59.9,208,25
551,Brady,Fallows,bfallowsfa@ed.gov,Male,61.5,134,37
552,Job,Rosenwald,jrosenwaldfb@youku.com,Male,79.1,184,36
553,Dieter,Learoyde,dlearoydefc@kickstarter.com,Male,69.2,191,26
554,Zachary,O'Callaghan,zocallaghanfd@marriott.com,Male,75.4,102,31
555,Whitby,Shipway,wshipwayfe@usnews.com,Male,69.7,148,31
556,Shannon,Ubsdell,subsdellff@ucla.edu,Male,69.9,129,37
557,Lulu,Richen,lrichenfg@amazonaws.com,Female,78.7,250,58
558,Carroll,Bunny,cbunnyfh@usda.gov,Male,69.2,158,32
559,Dell,Scurrell,dscurrellfi@forbes.com,Female,75.4,183,42
560,Araldo,Sambath,asambathfj@live.com,Male,61.3,217,37
561,Cora,Weddell,cweddellfk@privacy.gov.au,Female,76.7,156,35
562,Gaspard,Asp,gaspfl@edublogs.org,Male,78.0,222,20
563,Melodee,Colaton,mcolatonfm@yahoo.co.jp,Female,79.4,226,36
564,Angy,Gallant,agallantfn@surveymonkey.com,Female,60.3,244,42
565,Reine,Cridlan,rcridlanfo@sciencedaily.com,Female,74.6,134,44
566,Menard,Hutchinson,mhutchinsonfp@infoseek.co.jp,Male,75.3,199,49
567,Saunders,Duffy,sduffyfq@google.co.jp,Male,66.4,162,65
568,Krishna,De Michetti,kdemichettifr@icio.us,Male,69.3,100,65
569,Benedetta,Dudmesh,bdudmeshfs@reddit.com,Female,74.8,111,54
570,Marchall,Slyde,mslydeft@hp.com,Male,74.0,102,28
571,Rebbecca,Iffe,riffefu@hibu.com,Female,75.2,104,42
572,Guthrie,Pittem,gpittemfv@sfgate.com,Male,58.4,229,20
573,Kassia,Polk,kpolkfw@freewebs.com,Female,67.4,244,24
574,Rozelle,Sample,rsamplefx@live.com,Female,60.1,168,30
575,Moyra,Pedycan,mpedycanfy@answers.com,Female,57.2,221,46
576,Zara,Bartolijn,zbartolijnfz@youtu.be,Female,79.5,159,26
577,Ulysses,Mc Andrew,umcandrewg0@wikia.com,Male,67.3,219,29
578,Roze,Ernshaw,rernshawg1@mit.edu,Female,59.1,197,53
579,Tiffanie,Krook,tkrookg2@instagram.com,Female,70.0,162,32
580,Inglis,Fearnall,ifearnallg3@liveinternet.ru,Male,57.3,214,33
581,Armstrong,Dollard,adollardg4@dion.ne.jp,Male,61.7,149,39
582,Alexio,Jeens,ajeensg5@chron.com,Male,78.3,224,52
583,Pennie,Cudmore,pcudmoreg6@g.co,Male,64.9,183,40
584,Mureil,Ashwell,mashwellg7@flickr.com,Female,78.6,224,56
585,Bear,Hartburn,bhartburng8@xing.com,Male,79.0,196,47
586,Odessa,Kelsey,okelseyg9@nyu.edu,Female,75.3,178,32
587,Killian,Balk,kbalkga@freewebs.com,Male,75.9,160,57
588,Gilbert,Thrussell,gthrussellgb@hibu.com,Male,64.7,112,46
589,Blisse,Loges,blogesgc@irs.gov,Female,65.4,202,24
590,Gerta,Sehorsch,gsehorschgd@moonfruit.com,Female,60.5,127,47
591,Wilbert,Swarbrigg,wswarbriggge@walmart.com,Male,59.2,163,56
592,Case,McGoon,cmcgoongf@vkontakte.ru,Male,78.5,229,42
593,Alberto,Mc-Kerley,amckerleygg@pinterest.com,Male,62.9,226,24
594,Jemima,Levison,jlevisongh@home.pl,Female,72.6,155,40
595,Merle,Szach,mszachgi@earthlink.net,Male,69.5,157,38
596,Karylin,Lukehurst,klukehurstgj@myspace.com,Female,57.7,170,37
597,Wat,Doy,wdoygk@friendfeed.com,Male,75.3,175,41
598,Joell,Gaber,jgabergl@blogspot.com,Female,74.7,201,39
599,Virginia,Smeath,vsmeathgm@taobao.com,Female,69.6,197,51
600,Gabrielle,Grimsell,ggrimsellgn@t-online.de,Female,62.5,154,37
601,Yolane,Boomes,yboomesgo@1und1.de,Female,67.2,188,29
602,Marj,Baleine,mbaleinegp@toplist.cz,Female,75.7,118,21
603,Quillan,Youles,qyoulesgq@home.pl,Male,72.7,156,49
604,Susi,Alan,salangr@goo.ne.jp,Female,62.5,103,41
605,Malina,Milsom,mmilsomgs@merriam-webster.com,Female,58.1,239,20
606,Caddric,MacGilrewy,cmacgilrewygt@unesco.org,Male,79.8,184,54
607,Ferdinand,Mainds,fmaindsgu@wikispaces.com,Male,79.7,201,55
608,Mychal,Evangelinos,mevangelinosgv@loc.gov,Male,57.8,159,41
609,Dom,Pratley,dpratleygw@intel.com,Male,72.2,244,63
610,Robbin,Repper,rreppergx@oaic.gov.au,Female,73.2,152,50
611,Willy,Noble,wnoblegy@aol.com,Male,69.2,235,59
612,Ansel,Roelvink,aroelvinkgz@youku.com,Male,66.3,120,38
613,Tabbatha,Suddaby,tsuddabyh0@lulu.com,Female,75.0,201,59
614,Sybilla,Shopcott,sshopcotth1@dropbox.com,Female,68.4,162,26
615,Philippe,Chastanet,pchastaneth2@wiley.com,Female,57.6,174,47
616,Kylen,Alexsandrowicz,kalexsandrowiczh3@alibaba.com,Female,58.2,200,34
617,Marita,Surmeyer,msurmeyerh4@eepurl.com,Female,65.2,154,23
618,Rhys,Skellon,rskellonh5@illinois.edu,Male,74.9,170,37
619,Lisette,Founds,lfoundsh6@answers.com,Female,74.6,248,54
620,Luciana,Helder,lhelderh7@behance.net,Female,76.8,211,59
621,Nellie,Moffet,nmoffeth8@livejournal.com,Female,77.3,242,33
622,Meyer,Llewellyn,mllewellynh9@dot.gov,Male,62.2,203,22
623,Ricard,Kydd,rkyddha@pcworld.com,Male,72.2,212,30
624,Jayson,Gendrich,jgendrichhb@com.com,Male,68.8,208,29
625,Yuma,Welldrake,ywelldrakehc@uol.com.br,Male,75.8,182,55
626,Bethena,Waberer,bwabererhd@chronoengine.com,Female,64.3,238,40
627,Paolo,Espinel,pespinelhe@example.com,Male,59.3,158,36
628,Bartholomew,Piggford,bpiggfordhf@odnoklassniki.ru,Male,57.3,180,36
629,Gustav,Kernell,gkernellhg@geocities.com,Male,76.0,132,25
630,Vinson,Royston,vroystonhh@google.nl,Male,79.0,206,39
631,Anders,Colum,acolumhi@flickr.com,Male,79.3,246,65
632,Andria,Lorente,alorentehj@businessinsider.com,Female,65.5,181,29
633,Pace,Paish,ppaishhk@eventbrite.com,Male,70.3,164,57
634,Duffy,Toffano,dtoffanohl@utexas.edu,Male,66.1,118,46
635,Stephen,Edgeson,sedgesonhm@hhs.gov,Male,73.0,126,29
636,Pippo,Deble,pdeblehn@walmart.com,Male,72.3,170,29
637,Dolores,Bartos,dbartosho@harvard.edu,Female,65.2,175,48
638,Bret,Conklin,bconklinhp@ucla.edu,Male,60.2,197,61
639,Mirella,Matskevich,mmatskevichhq@uol.com.br,Female,78.9,188,64
640,Randal,Williment,rwillimenthr@cloudflare.com,Male,74.6,226,32
641,Riane,Avramovsky,ravramovskyhs@gnu.org,Female,68.3,231,34
642,Deane,Podbury,dpodburyht@wunderground.com,Male,66.2,122,38
643,Vernor,Landman,vlandmanhu@soundcloud.com,Male,61.7,168,32
644,Keenan,Sandeson,ksandesonhv@seattletimes.com,Male,72.9,185,29
645,Thurston,Yurocjhin,tyurocjhinhw@ibm.com,Male,58.6,162,31
646,Wyndham,Pietersen,wpietersenhx@imageshack.us,Male,63.8,218,46
647,Mirella,Bartolommeo,mbartolommeohy@meetup.com,Female,63.5,124,33
648,Marcelo,Hazlehurst,mhazlehursthz@microsoft.com,Male,75.5,116,56
649,Pepito,Boniface,pbonifacei0@noaa.gov,Male,79.7,198,51
650,Ketti,Quincey,kquinceyi1@google.com.hk,Female,64.3,132,29
651,Cross,Greenlees,cgreenleesi2@xinhuanet.com,Male,59.0,134,41
652,Sibylla,Bare,sbarei3@tinyurl.com,Female,70.7,236,29
653,Jerrie,Vodden,jvoddeni4@tinypic.com,Female,77.0,177,29
654,Ilene,Braunroth,ibraunrothi5@washington.edu,Female,74.3,175,62
655,Bennie,Winmill,bwinmilli6@ox.ac.uk,Male,62.2,160,23
656,Mickey,Kimbury,mkimburyi7@who.int,Male,57.5,129,48
657,Zorina,Tedstone,ztedstonei8@alexa.com,Female,59.7,122,37
658,Richy,Hurley,rhurleyi9@globo.com,Male,56.1,181,57
659,Madonna,Braham,mbrahamia@netlog.com,Female,73.3,244,39
660,Abbott,McEwen,amcewenib@geocities.jp,Male,77.9,173,38
661,Way,Sail,wsailic@google.com.au,Male,79.5,115,52
662,Lela,Marler,lmarlerid@youtube.com,Female,74.8,143,22
663,Alic,Kiernan,akiernanie@seesaa.net,Male,74.8,240,62
664,Violetta,Kite,vkiteif@wired.com,Female,63.5,236,61
665,Troy,Dresse,tdresseig@hugedomains.com,Male,58.5,177,39
666,Silas,Skirlin,sskirlinih@chronoengine.com,Male,67.0,139,61
667,Tersina,Alldritt,talldrittii@mayoclinic.com,Female,61.6,232,51
668,Egbert,Kagan,ekaganij@whitehouse.gov,Male,76.9,163,47
669,Leroi,Gorke,lgorkeik@ox.ac.uk,Male,65.3,146,23
670,Dani,Pybworth,dpybworthil@seesaa.net,Male,60.6,174,27
671,Brenn,Fortoun,bfortounim@upenn.edu,Female,61.9,124,20
672,Adele,Roz,arozin@nature.com,Female,78.1,107,51
673,Gustav,Grahame,ggrahameio@telegraph.co.uk,Male,61.2,152,36
674,Maggy,Ellams,mellamsip@unc.edu,Female,68.5,118,55
675,Consolata,Waleran,cwaleraniq@gravatar.com,Female,67.9,248,46
676,Heywood,Mullane,hmullaneir@cnn.com,Male,68.9,220,65
677,Seka,Minney,sminneyis@go.com,Female,65.3,111,39
678,Merrilee,Thickett,mthickettit@goodreads.com,Female,76.8,179,20
679,Ailsun,Decreuze,adecreuzeiu@miitbeian.gov.cn,Female,64.5,115,46
680,Corny,Milkeham,cmilkehamiv@woothemes.com,Male,70.5,219,56
681,Billie,Jojic,bjojiciw@cbsnews.com,Male,67.8,224,62
682,Deirdre,Arno,darnoix@webnode.com,Female,63.3,129,54
683,Conrad,Zamorrano,czamorranoiy@wordpress.com,Male,63.6,222,32
684,Dottie,McNeely,dmcneelyiz@addthis.com,Female,71.9,115,30
685,Duky,Hornung,dhornungj0@moonfruit.com,Male,69.8,248,45
686,Maegan,Gontier,mgontierj1@istockphoto.com,Female,58.5,173,24
687,Maybelle,Sharpus,msharpusj2@1688.com,Female,57.7,218,47
688,Jennee,Phillipson,jphillipsonj3@friendfeed.com,Female,63.8,103,24
689,Caro,Elvey,celveyj4@auda.org.au,Female,76.0,205,28
690,Quinn,Banfield,qbanfieldj5@bloomberg.com,Male,56.5,223,55
691,Emera,Petken,epetkenj6@macromedia.com,Female,57.1,156,57
692,Bobinette,Pouton,bpoutonj7@umn.edu,Female,79.2,226,24
693,Carling,Blenkharn,cblenkharnj8@economist.com,Male,76.1,107,55
694,Theadora,Mixer,tmixerj9@w3.org,Female,68.1,160,50
695,Guglielma,Duffin,gduffinja@t.co,Female,65.3,183,42
696,Rafaelita,Bevar,rbevarjb@theguardian.com,Female,70.7,192,38
697,Janifer,Alcott,jalcottjc@cargocollective.com,Female,63.6,164,37
698,Mirabelle,Lovelady,mloveladyjd@bizjournals.com,Female,58.9,200,65
699,Galven,Dowdeswell,gdowdeswellje@xing.com,Male,61.9,228,55
700,Phip,Weippert,pweippertjf@cbc.ca,Male,62.4,166,51
701,Kayne,Luparti,klupartijg@multiply.com,Male,65.8,211,39
702,Kevina,Crawford,kcrawfordjh@bloglovin.com,Female,59.6,112,59
703,Lark,Langmaid,llangmaidji@163.com,Female,63.2,195,62
704,Darill,Denisyuk,ddenisyukjj@ucoz.ru,Male,62.3,196,38
705,Francene,Sail,fsailjk@jiathis.com,Female,59.5,210,48
706,Konstantin,Evamy,kevamyjl@scribd.com,Male,66.0,166,41
707,Owen,Geane,ogeanejm@over-blog.com,Male,57.8,114,22
708,Koren,Duggleby,kdugglebyjn@dot.gov,Female,57.6,143,32
709,Leland,Arnaudet,larnaudetjo@examiner.com,Male,66.6,134,41
710,Henka,Caltun,hcaltunjp@gov.uk,Female,75.6,198,25
711,Ailsun,Sabate,asabatejq@rediff.com,Female,63.3,220,39
712,Humfried,O'Dulchonta,hodulchontajr@va.gov,Male,62.6,191,25
713,Hyacintha,Bulloch,hbullochjs@aol.com,Female,68.7,167,37
714,Toby,Karolewski,tkarolewskijt@google.co.jp,Male,61.2,231,21
715,Lin,Kellitt,lkellittju@furl.net,Male,76.1,202,24
716,Clerissa,Indge,cindgejv@hugedomains.com,Female,57.2,226,33
717,Marlo,Benech,mbenechjw@is.gd,Male,76.4,243,52
718,Thane,Jiracek,tjiracekjx@free.fr,Male,60.1,137,65
719,Ric,Dronsfield,rdronsfieldjy@squidoo.com,Male,70.6,215,44
720,Natasha,Leroy,nleroyjz@csmonitor.com,Female,67.6,123,49
721,Bettina,Flanaghan,bflanaghank0@so-net.ne.jp,Female,62.6,231,43
722,Jelene,Gotling,jgotlingk1@nasa.gov,Female,69.4,174,23
723,Koral,Burke,kburkek2@devhub.com,Female,60.2,124,41
724,Parry,Hinners,phinnersk3@uol.com.br,Male,78.1,250,56
725,Hale,Conochie,hconochiek4@princeton.edu,Male,64.8,182,64
726,Addia,Spenley,aspenleyk5@cdbaby.com,Female,69.1,219,32
727,Elroy,Pellamont,epellamontk6@nih.gov,Male,73.2,100,21
728,Xylina,Skirlin,xskirlink7@elegantthemes.com,Female,78.2,165,62
729,Ermentrude,De Mars,edemarsk8@sciencedaily.com,Female,77.4,222,26
730,Dennie,Middlemass,dmiddlemassk9@engadget.com,Male,60.7,184,46
731,James,Lissandre,jlissandreka@people.com.cn,Male,68.8,132,48
732,Sutherland,Wilmut,swilmutkb@scientificamerican.com,Male,65.7,175,59
733,Nerissa,Duigenan,nduigenankc@tuttocitta.it,Female,73.5,119,58
734,Gabbey,Fishleigh,gfishleighkd@goo.ne.jp,Female,77.4,196,50
735,Nichols,Muzzini,nmuzzinike@amazon.co.jp,Male,65.2,223,54
736,Alisha,Kellington,akellingtonkf@soup.io,Female,59.6,225,46
737,Benedetto,Zecchinii,bzecchiniikg@marriott.com,Male,70.0,191,41
738,Uri,Dyett,udyettkh@wunderground.com,Male,62.5,191,42
739,Tito,Grievson,tgrievsonki@cam.ac.uk,Male,60.3,237,29
740,Cathe,Goreisr,cgoreisrkj@comsenz.com,Female,64.5,226,32
741,Griffy,Bilbrook,gbilbrookkk@abc.net.au,Male,74.8,217,63
742,Farlay,Gosnay,fgosnaykl@illinois.edu,Male,71.9,249,35
743,Alvin,Figurski,afigurskikm@mlb.com,Male,59.9,107,23
744,Corabelle,Bearman,cbearmankn@furl.net,Female,64.8,249,45
745,Boyd,Jori,bjoriko@google.de,Male,60.1,248,33
746,Joella,Mitkcov,jmitkcovkp@wisc.edu,Female,77.3,170,23
747,Barrie,Firsby,bfirsbykq@behance.net,Female,61.8,224,43
748,Nico,Kovelmann,nkovelmannkr@boston.com,Male,74.3,154,55
749,Dexter,Gavini,dgaviniks@java.com,Male,60.1,218,21
750,Edgard,Yokelman,eyokelmankt@tiny.cc,Male,78.9,227,49
751,Ginni,Alwell,galwellku@netvibes.com,Female,62.5,115,25
752,Jessamyn,Gauge,jgaugekv@storify.com,Female,56.9,201,35
753,Inness,Hallard,ihallardkw@noaa.gov,Male,76.8,211,32
754,Lucy,Bryceson,lbrycesonkx@narod.ru,Female,60.5,104,62
755,Conrad,Caukill,ccaukillky@exblog.jp,Male,72.8,109,38
756,Marco,L'argent,mlargentkz@elpais.com,Male,74.7,130,64
757,Daniela,Caulket,dcaulketl0@gmpg.org,Female,62.9,234,52
758,Angelia,Le Sieur,alesieurl1@discuz.net,Female,62.9,143,34
759,Estrellita,Kores,ekoresl2@senate.gov,Female,77.7,208,39
760,Meyer,Prothero,mprotherol3@live.com,Male,78.1,115,64
761,Dianna,Dennidge,ddennidgel4@typepad.com,Female,79.0,147,49
762,Calvin,Leechman,cleechmanl5@furl.net,Male,63.6,215,35
763,Rutherford,Lalonde,rlalondel6@fda.gov,Male,66.4,122,65
764,Gertrudis,Rubenczyk,grubenczykl7@vinaora.com,Female,73.0,134,46
765,Mikol,Glasgow,mglasgowl8@e-recht24.de,Male,64.6,103,40
766,Erena,Stow,estowl9@1688.com,Female,66.4,216,55
767,Garrik,Peasegood,gpeasegoodla@wikia.com,Male,62.0,221,53
768,Ashley,Pinn,apinnlb@pbs.org,Female,69.9,114,61
769,Selie,Fermer,sfermerlc@tiny.cc,Female,73.4,207,56
770,Bartolomeo,Yitshak,byitshakld@utexas.edu,Male,61.3,164,36
771,Gustav,Bunyard,gbunyardle@mysql.com,Male,65.0,209,22
772,Cary,Handasyde,chandasydelf@icio.us,Female,75.2,208,61
773,Gleda,Lurriman,glurrimanlg@berkeley.edu,Female,63.9,181,56
774,Marge,Coldbathe,mcoldbathelh@geocities.jp,Female,72.6,206,60
775,Wake,Kas,wkasli@mac.com,Male,74.4,223,42
776,Libbi,Errowe,lerrowelj@free.fr,Female,73.2,190,57
777,Bellina,Brach,bbrachlk@vistaprint.com,Female,68.8,211,39
778,Jacintha,Gloster,jglosterll@hao123.com,Female,68.5,237,49
779,Dorelle,Pinxton,dpinxtonlm@imdb.com,Female,65.8,231,45
780,Arvie,Karpenko,akarpenkoln@merriam-webster.com,Male,70.8,172,21
781,Evelyn,Nisbith,enisbithlo@un.org,Male,65.1,222,44
782,Brittany,Tresvina,btresvinalp@shareasale.com,Female,78.0,237,31
783,Vasilis,Bachellier,vbachellierlq@ocn.ne.jp,Male,70.6,135,28
784,Isador,Van den Dael,ivandendaellr@bigcartel.com,Male,75.5,200,60
785,Caroljean,Gabbett,cgabbettls@purevolume.com,Female,77.1,166,26
786,Milicent,Sokill,msokilllt@macromedia.com,Female,70.2,201,60
787,Briney,Wintle,bwintlelu@admin.ch,Female,58.9,232,56
788,Daffie,Bezzant,dbezzantlv@ucsd.edu,Female,75.2,120,34
789,Friedrich,McSkin,fmcskinlw@hubpages.com,Male,71.9,168,25
790,Erwin,Pawlyn,epawlynlx@google.fr,Male,74.4,194,49
791,Nealson,Gerbel,ngerbelly@dagondesign.com,Male,65.3,246,54
792,Demetra,Atthow,datthowlz@ca.gov,Female,69.4,147,53
793,Markos,Gerrels,mgerrelsm0@spotify.com,Male,77.0,203,54
794,Burnard,Satterley,bsatterleym1@bluehost.com,Male,59.5,211,32
795,Joannes,Keane,jkeanem2@washington.edu,Female,79.2,236,47
796,Madeleine,Bootman,mbootmanm3@feedburner.com,Female,65.6,161,58
797,Valeria,Quakley,vquakleym4@usda.gov,Female,64.9,247,31
798,Dell,Gimeno,dgimenom5@huffingtonpost.com,Male,66.4,237,60
799,Thadeus,Chstney,tchstneym6@e-recht24.de,Male,61.0,207,43
800,Chandra,Justice,cjusticem7@mysql.com,Female,77.8,126,45
801,Rosabel,Alexandrescu,ralexandrescum8@pen.io,Female,75.1,249,37
802,Cosimo,De Benedictis,cdebenedictism9@wsj.com,Male,66.0,167,22
803,Hussein,Dewdney,hdewdneyma@yolasite.com,Male,64.3,114,48
804,Ardine,Bancroft,abancroftmb@latimes.com,Female,78.9,214,46
805,Slade,Veall,sveallmc@cdbaby.com,Male,76.9,128,48
806,Randall,Shurmore,rshurmoremd@netlog.com,Male,77.7,129,49
807,Even,Dovey,edoveyme@blog.com,Male,59.3,215,28
808,Marney,Mooney,mmooneymf@topsy.com,Female,59.3,194,24
809,Selina,Mustill,smustillmg@facebook.com,Female,73.2,136,45
810,Scot,Dickin,sdickinmh@youtu.be,Male,63.6,152,23
811,Cathryn,Salack,csalackmi@omniture.com,Female,68.1,139,28
812,Carny,Kemmish,ckemmishmj@wisc.edu,Male,74.8,163,35
813,Charmane,Louca,cloucamk@utexas.edu,Female,78.0,160,62
814,Karine,Botterill,kbotterillml@google.ca,Female,77.6,151,34
815,Kristy,Perrelle,kperrellemm@marriott.com,Female,77.7,110,58
816,Gib,Robart,grobartmn@edublogs.org,Male,76.8,124,26
817,Haskel,Aubury,hauburymo@51.la,Male,75.8,114,21
818,Tabby,Rosewall,trosewallmp@nymag.com,Male,66.6,202,41
819,Boycie,Shearsby,bshearsbymq@1und1.de,Male,56.4,220,23
820,Charmaine,Worsam,cworsammr@discuz.net,Female,77.0,168,47
821,Alfi,Scholer,ascholerms@geocities.jp,Female,61.3,224,45
822,Bobine,Dellenbrok,bdellenbrokmt@bravesites.com,Female,69.6,141,32
823,Katey,Cowherd,kcowherdmu@timesonline.co.uk,Female,66.5,235,52
824,Roch,Parken,rparkenmv@google.de,Female,75.3,203,31
825,Rochette,Gaunt,rgauntmw@github.com,Female,74.1,177,59
826,Jamesy,Van Driel,jvandrielmx@de.vu,Male,76.7,250,62
827,Standford,Stenning,sstenningmy@networkadvertising.org,Male,69.4,131,24
828,Kayley,Bidwell,kbidwellmz@ameblo.jp,Female,66.3,201,32
829,Lothario,Holtum,lholtumn0@geocities.com,Male,65.1,211,32
830,Jerry,Felgat,jfelgatn1@eventbrite.com,Female,59.4,147,47
831,Yolane,Bywaters,ybywatersn2@123-reg.co.uk,Female,58.0,180,39
832,Anstice,Hartwright,ahartwrightn3@prlog.org,Female,58.0,107,56
833,Eula,Skaid,eskaidn4@wisc.edu,Female,62.2,100,45
834,Wallie,Robens,wrobensn5@archive.org,Female,60.9,136,53
835,Bianca,Samwayes,bsamwayesn6@aol.com,Female,65.3,245,25
836,Ruddie,Oxford,roxfordn7@angelfire.com,Male,57.9,222,60
837,Laurens,Sobczak,lsobczakn8@t.co,Male,65.5,136,33
838,Marline,Whysall,mwhysalln9@cpanel.net,Female,56.1,167,55
839,Elli,Dewicke,edewickena@springer.com,Female,76.9,186,20
840,Scottie,Seemmonds,sseemmondsnb@linkedin.com,Male,60.3,179,55
841,Page,Erdes,perdesnc@google.co.uk,Male,67.8,112,44
842,Ellery,Krzysztofiak,ekrzysztofiaknd@latimes.com,Male,73.2,249,65
843,Aylmer,Derrell,aderrellne@joomla.org,Male,73.7,138,51
844,Osgood,Mutter,omutternf@discuz.net,Male,71.8,126,39
845,Valera,Orr,vorrng@macromedia.com,Female,66.5,247,26
846,Conn,Brew,cbrewnh@ow.ly,Male,69.9,210,32
847,Zea,Jindra,zjindrani@phpbb.com,Female,63.4,108,39
848,Merla,Gorrissen,mgorrissennj@microsoft.com,Female,75.6,249,32
849,Helena,Serridge,hserridgenk@chron.com,Female,70.0,245,20
850,Cindi,Beggan,cbeggannl@yolasite.com,Female,74.4,194,20
851,Ferdinand,Densell,fdensellnm@smh.com.au,Male,76.6,208,21
852,Dalton,Clayden,dclaydennn@homestead.com,Male,74.5,201,65
853,Randal,Sainsbury,rsainsburyno@economist.com,Male,63.0,235,36
854,Rhianna,Trinder,rtrindernp@so-net.ne.jp,Female,60.5,157,65
855,Eddy,Jarrel,ejarrelnq@ft.com,Female,65.0,126,28
856,Penrod,McIlvenny,pmcilvennynr@mac.com,Male,64.5,209,37
857,Corissa,Laverock,claverockns@digg.com,Female,66.3,157,24
858,Sue,McMurtyr,smcmurtyrnt@google.fr,Female,79.0,227,62
859,Angil,Ramel,aramelnu@reverbnation.com,Female,57.0,140,63
860,Melitta,Rubbens,mrubbensnv@csmonitor.com,Female,74.2,186,26
861,Em,Aartsen,eaartsennw@topsy.com,Male,66.9,213,29
862,Norby,Calcut,ncalcutnx@usa.gov,Male,61.8,245,54
863,Candida,Wodeland,cwodelandny@sina.com.cn,Female,70.5,139,46
864,Theodore,Grouse,tgrousenz@tuttocitta.it,Male,71.3,162,25
865,Nevil,Hammel,nhammelo0@globo.com,Male,74.8,152,49
866,Kelsy,Blaber,kblabero1@examiner.com,Female,56.3,111,20
867,Arne,Foulis,afouliso2@shop-pro.jp,Male,78.2,249,45
868,Garik,McKelvey,gmckelveyo3@naver.com,Male,64.5,170,21
869,Austin,Heifer,aheifero4@columbia.edu,Female,62.9,174,52
870,Tedie,Getcliffe,tgetcliffeo5@princeton.edu,Male,79.1,213,22
871,Avril,Fant,afanto6@army.mil,Female,58.0,122,26
872,Ame,Godfery,agodferyo7@e-recht24.de,Female,78.8,134,60
873,Nico,Ellaman,nellamano8@senate.gov,Male,74.3,114,50
874,Reinaldo,Gilson,rgilsono9@psu.edu,Male,71.8,221,61
875,Pedro,Brickham,pbrickhamoa@imageshack.us,Male,64.6,229,45
876,Caresa,Cotilard,ccotilardob@studiopress.com,Female,67.7,141,43
877,Cristobal,Dowgill,cdowgilloc@liveinternet.ru,Male,57.7,104,24
878,Florian,Pigden,fpigdenod@kickstarter.com,Male,63.7,211,32
879,Zachariah,Spalding,zspaldingoe@ezinearticles.com,Male,76.8,170,37
880,Osmund,Tonge,otongeof@moonfruit.com,Male,68.8,163,47
881,Noe,Standfield,nstandfieldog@biglobe.ne.jp,Male,66.1,132,34
882,Loleta,Batterbee,lbatterbeeoh@hugedomains.com,Female,65.9,206,48
883,Urbain,Broz,ubrozoi@imgur.com,Male,65.3,133,21
884,Fransisco,Piffe,fpiffeoj@reverbnation.com,Male,78.6,195,23
885,Bradley,Arblaster,barblasterok@unc.edu,Male,69.9,217,28
886,Mitch,Calvey,mcalveyol@gizmodo.com,Male,69.5,120,64
887,Lazaro,Alexander,lalexanderom@arizona.edu,Male,63.7,169,59
888,Annadiane,Laterza,alaterzaon@intel.com,Female,59.8,142,43
889,Ardra,Impson,aimpsonoo@engadget.com,Female,73.2,236,62
890,Abbot,Treppas,atreppasop@lycos.com,Male,62.7,151,34
891,Dory,Caldes,dcaldesoq@microsoft.com,Male,71.0,133,43
892,Rafael,Turfus,rturfusor@sina.com.cn,Male,76.0,211,36
893,Vilhelmina,Frankcom,vfrankcomos@bandcamp.com,Female,76.1,236,63
894,Dwight,Layne,dlayneot@wunderground.com,Male,63.6,111,32
895,Rupert,Scrivner,rscrivnerou@google.com,Male,70.1,170,32
896,Almira,Dollen,adollenov@shinystat.com,Female,66.3,183,46
897,Constantine,O'Luney,coluneyow@altervista.org,Female,74.1,129,56
898,Oralee,Bonn,obonnox@hatena.ne.jp,Female,69.7,244,43
899,Isiahi,Duligall,iduligalloy@dmoz.org,Male,69.5,110,26
900,Marysa,Brouard,mbrouardoz@vinaora.com,Female,73.3,168,42
901,Giff,McConachie,gmcconachiep0@utexas.edu,Male,62.2,223,55
902,Lula,Shalders,lshaldersp1@163.com,Female,68.7,157,26
903,Emogene,Mithon,emithonp2@stanford.edu,Female,79.3,139,56
904,Rosalie,Dee,rdeep3@google.cn,Female,66.1,129,56
905,Rennie,Small,rsmallp4@delicious.com,Female,58.1,208,47
906,Wilden,Bendare,wbendarep5@yelp.com,Male,70.3,102,51
907,Lorita,Stummeyer,lstummeyerp6@mozilla.com,Female,78.9,247,26
908,Silvester,Sheilds,ssheildsp7@com.com,Male,60.2,102,32
909,Sherie,Creer,screerp8@ustream.tv,Female,66.2,246,49
910,Caralie,Niess,cniessp9@yolasite.com,Female,56.1,168,54
911,Neil,Kiezler,nkiezlerpa@woothemes.com,Male,74.7,156,24
912,Miltie,Danihel,mdanihelpb@devhub.com,Male,74.2,127,47
913,Whitney,Van Waadenburg,wvanwaadenburgpc@cornell.edu,Female,67.3,188,52
914,Lissa,Ashington,lashingtonpd@ehow.com,Female,61.5,187,45
915,Pearce,Moggach,pmoggachpe@hubpages.com,Male,57.4,181,57
916,Remus,Newark,rnewarkpf@spotify.com,Male,69.6,190,47
917,Tasha,Blackah,tblackahpg@chronoengine.com,Female,78.6,171,52
918,Neel,Abelwhite,nabelwhiteph@fotki.com,Male,57.0,116,61
919,Brewer,Willcocks,bwillcockspi@pbs.org,Male,63.5,232,32
920,Nataniel,Rosendahl,nrosendahlpj@bbb.org,Male,63.3,221,45
921,Yule,Renne,yrennepk@ebay.com,Male,79.3,230,37
922,Zacharia,Gilli,zgillipl@ameblo.jp,Male,69.9,245,34
923,Lenka,Orrell,lorrellpm@bloomberg.com,Female,65.3,144,30
924,Codie,Hearle,chearlepn@diigo.com,Male,68.0,196,52
925,Cristi,Egan,ceganpo@nydailynews.com,Female,78.9,206,61
926,Tom,O'Downe,todownepp@skyrock.com,Male,78.6,243,28
927,Inness,Gammage,igammagepq@yandex.ru,Male,74.6,189,25
928,Laurie,Rozsa,lrozsapr@answers.com,Male,78.6,124,61
929,Dav,Yepiskopov,dyepiskopovps@google.fr,Male,68.0,149,29
930,Crystie,Kupper,ckupperpt@twitpic.com,Female,67.4,121,38
931,Griswold,Karle,gkarlepu@arstechnica.com,Male,59.9,171,41
932,Hanna,Barbera,hbarberapv@weather.com,Female,64.6,187,35
933,Gayler,De Angelo,gdeangelopw@google.it,Male,75.6,175,46
934,Broderick,MacDowal,bmacdowalpx@bbc.co.uk,Male,61.1,138,64
935,Dixie,Morcombe,dmorcombepy@japanpost.jp,Female,61.0,160,33
936,Steward,Sans,ssanspz@ucoz.ru,Male,59.3,101,57
937,Nester,Dearsley,ndearsleyq0@merriam-webster.com,Male,78.8,150,60
938,Derron,Shilvock,dshilvockq1@ask.com,Male,56.5,140,27
939,Morry,Bruce,mbruceq2@purevolume.com,Male,72.5,191,65
940,Penny,Attack,pattackq3@comcast.net,Male,61.4,166,22
941,Edi,Slatcher,eslatcherq4@privacy.gov.au,Female,76.5,199,36
942,Cobb,Haslock,chaslockq5@tripadvisor.com,Male,69.8,230,34
943,Darci,Ealles,deallesq6@ask.com,Female,63.5,201,53
944,Melinda,Weighell,mweighellq7@istockphoto.com,Female,72.6,156,37
945,Ransom,Frear,rfrearq8@csmonitor.com,Male,73.8,112,51
946,Jackie,Jentet,jjentetq9@blog.com,Female,71.5,179,52
947,Johnna,Pessold,jpessoldqa@marriott.com,Female,62.1,245,21
948,Lenard,Uzielli,luzielliqb@ebay.co.uk,Male,70.2,163,62
949,Norrie,Hothersall,nhothersallqc@trellian.com,Female,68.0,221,33
950,Cary,Ennor,cennorqd@uiuc.edu,Male,75.0,174,36
951,Marquita,Delamere,mdelamereqe@nps.gov,Female,67.9,246,53
952,Mil,Shurville,mshurvilleqf@usgs.gov,Female,68.0,242,36
953,Stewart,Hewins,shewinsqg@nature.com,Male,67.5,137,28
954,Beatrisa,Bowman,bbowmanqh@nydailynews.com,Female,59.6,249,30
955,Andie,Houselee,ahouseleeqi@amazonaws.com,Male,63.5,202,31
956,Bennie,Haggas,bhaggasqj@cornell.edu,Male,72.5,197,34
957,Eloisa,Ivoshin,eivoshinqk@bloomberg.com,Female,77.7,196,26
958,Faythe,Spurway,fspurwayql@bloglovin.com,Female,69.4,136,41
959,Angeli,Mannie,amannieqm@weather.com,Male,71.4,150,30
960,Nerita,Fowlie,nfowlieqn@digg.com,Female,67.7,146,40
961,Luce,Caven,lcavenqo@cam.ac.uk,Female,76.6,108,65
962,Inglis,Benning,ibenningqp@harvard.edu,Male,73.7,139,24
963,Fairlie,Corkel,fcorkelqq@japanpost.jp,Male,76.3,223,43
964,Arnaldo,Dench,adenchqr@columbia.edu,Male,71.1,245,34
965,Glenn,Howood,ghowoodqs@livejournal.com,Male,69.4,185,45
966,Berri,Coupman,bcoupmanqt@xing.com,Female,61.9,155,42
967,Briney,Upwood,bupwoodqu@nature.com,Female,67.7,230,46
968,Dane,Worsley,dworsleyqv@usgs.gov,Male,63.4,153,33
969,Agnes,Stockey,astockeyqw@cdc.gov,Female,57.3,220,51
970,Fraser,Walkley,fwalkleyqx@ftc.gov,Male,60.6,190,45
971,Sidney,Mutimer,smutimerqy@wsj.com,Male,70.1,118,50
972,Boot,Joyes,bjoyesqz@jiathis.com,Male,68.7,223,22
973,Fredi,Van De Cappelle,fvandecappeller0@godaddy.com,Female,60.8,140,32
974,Gale,Costar,gcostarr1@php.net,Female,66.3,120,64
975,Wright,Govey,wgoveyr2@clickbank.net,Male,66.2,135,59
976,Sharline,Swede,ssweder3@google.com.br,Female,73.3,153,60
977,Ambrosio,holmes,aholmesr4@guardian.co.uk,Male,61.3,144,22
978,Consuela,Kindleside,ckindlesider5@technorati.com,Female,67.0,239,50
979,Leighton,Ledgley,lledgleyr6@oakley.com,Male,63.6,109,27
980,Minne,Winmill,mwinmillr7@surveymonkey.com,Female,75.4,166,49
981,Cedric,Mayow,cmayowr8@cnbc.com,Male,59.0,184,47
982,Jeane,Wilce,jwilcer9@sun.com,Female,76.3,111,53
983,Odell,Dukes,odukesra@yellowbook.com,Male,74.2,206,59
984,Sisely,Bare,sbarerb@forbes.com,Female,66.1,246,61
985,Gregg,Sherbrooke,gsherbrookerc@amazon.co.jp,Male,63.4,139,23
986,Millie,Cabedo,mcabedord@cargocollective.com,Female,61.7,139,26
987,Helenka,Vose,hvosere@npr.org,Female,68.6,183,27
988,Gerard,Moreno,gmorenorf@weather.com,Male,67.4,141,33
989,Minta,Harrow,mharrowrg@spotify.com,Female,66.2,216,44
990,Lyn,Latimer,llatimerrh@wix.com,Male,56.5,193,64
991,Ingra,Serrels,iserrelsri@blogger.com,Male,56.0,181,28
992,Cathyleen,Allenby,callenbyrj@ucsd.edu,Female,56.1,127,59
993,Bobette,Ditchburn,bditchburnrk@cafepress.com,Female,79.5,140,32
994,Francis,Ansett,fansettrl@arstechnica.com,Male,71.2,169,20
995,Field,Placstone,fplacstonerm@ibm.com,Male,56.9,109,22
996,Melony,Wing,mwingrn@networkadvertising.org,Female,79.6,201,64
997,Kendrick,Regi,kregiro@chronoengine.com,Male,72.7,226,44
998,Jennine,Caush,jcaushrp@facebook.com,Female,69.4,196,48
999,Adelina,Valadez,avaladezrq@tinyurl.com,Female,79.4,180,22
1000,Marcello,Benedtti,mbenedttirr@imdb.com,Male,63.9,115,25
